x1,x2,y,a
-6.680907702036738,2.311887104071824,1,2
1.08146677090454,0.5246172658034887,0,1
4.348951387852627,-4.070285781709151,0,2
-0.19146898495525633,-0.36690901544929816,1,1
-0.8418962110155558,-0.5762227884719399,0,1
-5.592314729856742,1.5292303283075943,1,2
-5.276685990821857,0.6450239204737466,1,2
-0.9651036522570121,0.06977981048160475,0,1
-5.065911093052934,2.945821787228844,1,2
0.20543385139190018,0.476985119989712,1,1
2.4564061028456563,-4.271183973821376,0,2
0.5206431461950685,0.4428998102650636,1,1
0.920311887990009,0.5323515236588944,0,1
0.9700335684460879,0.5472616121488373,0,1
5.888795054345518,-6.302259063989882,0,2
0.4394650214593811,-0.29762399096476244,1,1
3.286773870490661,-3.977328234446638,0,2
-6.423573399287857,0.3042196657603391,1,2
5.714552525473707,-3.967090780365885,0,2
0.4603903839223467,-0.2773502689597206,1,1
5.3066411948245396,-4.420389275318598,0,2
0.8995329022409199,-0.535237862096276,0,1
3.5832165639550344,-5.369848625499143,0,2
0.7384067842031344,-0.5260788689662766,0,1
2.7048546191409413,-3.2685623446839744,0,2
4.090840075364868,-5.916610268533187,0,2
4.10657604115622,-4.3071813080399535,0,2
-5.294999367637428,1.6128750619443655,1,2
3.895694480416293,-4.097461735221096,0,2
-0.7457152543010356,0.7191428177604302,0,1
4.999302310884584,-5.186540317552354,0,2
-7.1812519295565975,1.5716342835785433,1,2
3.4384114293913854,-5.586378615294993,0,2
-0.9410061503109385,0.7144281821590578,0,1
0.5721732150124994,-0.7056830384086712,0,1
-0.41406892731862754,0.1131754364146299,1,1
0.990007697266881,0.06425679018633901,0,1
0.45953823194496796,-0.09601128081153473,1,1
-4.925726067662074,1.1382210002146893,1,2
-5.280996800566469,1.599138200628584,1,2
0.0901295869314665,-0.2344576849530742,1,0
0.07621832327803744,-0.6010283502327451,1,1
1.0531857051727986,0.2743337737198016,0,1
0.6405862996903938,0.9511212712117807,0,1
5.7923112970624615,-3.4421545541811747,0,2
-4.628471994756872,0.08291144526714411,1,2
-4.662750046926957,1.5755836072880924,1,2
0.1376794440605253,1.0459614128329495,0,1
0.351151639694231,-0.06340492334142,1,1
2.672549899423551,-4.01522410420907,0,2
-0.8106183118516086,-0.5017934291896802,0,1
-6.071146189147004,0.6812536502293872,1,2
5.195319970662767,-5.1439537032575124,0,2
0.6453715412862415,0.7291929249700149,0,0
-4.967242013192263,-0.1056611523034574,1,2
-0.031475814671746,0.39140975988731336,1,0
-0.500703927623506,-0.7327026728819777,0,1
-6.520048070248237,0.9371316824975093,1,2
0.8999148311505621,0.6817779572440481,0,1
-5.799562652791547,-0.6995946231322456,1,2
1.8769853069806266,-3.676642206681904,0,2
0.3375097317323772,-0.572541565245074,1,1
-4.340471232493352,1.678208681928649,1,2
-0.30182279155556124,1.0471193539185149,0,1
-0.12252025356256892,0.8572505100016337,0,1
0.9838099860400683,0.10644104153308886,0,1
0.8161444392274427,0.866507849335847,0,1
-3.6247807819562263,0.08447604820967869,1,2
2.880392034638745,-4.352333888966243,0,2
-6.384254625438481,1.97359458342993,1,2
-1.008134944716675,0.32989534973481405,0,1
0.05965071925072932,-0.4874772863782766,1,1
0.28197612610715134,-0.9905810562116102,0,1
0.5728015470620593,-0.7442968245667685,0,1
3.2364609155847957,-5.055485027455504,0,2
-0.9666995032455047,-0.3131896591030775,0,1
-0.4320019954224457,0.02089231929668192,1,1
5.19400899892524,-5.697426299940924,0,2
4.071809296970172,-3.7359820037947387,0,2
-6.159960933507182,-0.0751268881571483,1,2
-0.3517552268307894,-0.32209824988264063,1,1
-5.231742802857818,2.102408124986443,1,2
3.399394847742718,-6.720289086871726,0,2
2.3588551108960223,-6.071102221918649,0,2
-4.988072605778954,-0.8422044315927253,1,2
0.46213623335324205,-0.8657816646515738,0,1
-5.879728597056238,2.4611821801993674,1,2
-0.4558716073648486,0.46417596993761456,1,1
4.399647459553418,-5.388643748754766,0,2
0.014500531432378894,-0.5266899541281717,1,1
4.397822831402877,-5.108368285235691,0,2
-4.776624713844688,-0.7314042304801591,1,2
-5.306651507615115,0.6330646667517363,1,2
0.10596544187998308,0.3503471355200656,1,1
0.11768549094286447,0.5535082726933337,1,1
3.9230764610433604,-4.483875604189977,0,2
-0.42755342404782437,-0.1250602340172366,1,1
-0.41780873826123915,-0.48299956830295854,1,1
-0.3893549287209776,0.3351334788917275,1,1
-0.006285679782269016,-1.0951241817826962,0,1
-5.866730462607398,-1.0882527654318421,1,2
0.9591297905494457,0.10658615750306497,0,1
4.355530351647542,-5.882623045008376,0,2
-0.21256356405070445,-0.4169685891423557,1,1
-0.37800118468235416,-0.8107201653247085,0,1
3.2469327777572516,-5.9692657163703675,0,2
0.6879469108593863,-0.848171109570165,0,1
-0.1054086893983167,-0.5953096459181761,1,1
-5.223161225287229,0.15805569379085194,1,2
5.26001448831788,-4.060816732720401,0,2
3.175181549233041,-5.538983312739454,0,2
-0.5317096632264314,0.11825188502622395,1,1
-0.2554206979232681,0.5575326179217007,1,1
-5.199596679007046,0.6953932360543107,1,2
0.04220190548864297,-0.9433813877999356,0,1
-0.37379150217002705,0.4540574110129757,1,1
0.800161543699368,-0.34470746968297145,0,1
-0.38494222250957255,-0.08034146530324714,1,1
0.061965174069822285,0.42576174251320675,1,1
4.817149780530696,-5.451483603817755,0,2
3.7609572803267595,-4.033186362851916,0,2
0.2172975117084804,-0.0986023571879109,1,0
1.0625219497143799,-0.39226766705702387,1,0
-6.543383933692932,1.1871845484832724,1,2
-5.5942112480516,1.2991203237230895,1,2
2.7821465707169972,-2.757046858785879,0,2
4.403731009829032,-4.841137232518884,0,2
4.510973514818422,-4.511628212910282,0,2
-0.42923131769233924,0.23118646112261,1,1
4.657919112792366,-4.375973106859124,0,2
0.2503186537566263,-0.4425728847163158,1,1
0.4966180940654233,-0.7606630437529882,0,1
1.0071457771238157,0.22038785691733698,0,1
-5.932520941599831,1.0735349953902422,1,2
-0.3014186654533943,-0.5447002231989345,1,1
-0.729512700820165,0.7141159300299864,0,1
-5.778683518773678,0.2956199012443983,1,2
0.3239064015134508,0.32830748623362443,1,1
2.6235978456155924,-5.160042288714449,0,2
-4.676067706804293,1.2993685697705173,1,2
0.12680190413919454,-0.6535136862560214,1,1
2.142856859278227,-4.429607799008839,0,2
-4.694235068397338,2.372064561772831,1,2
-0.40535844873196963,0.18055691549311875,1,1
0.356683724494843,0.3698768680381946,1,1
-5.893630773324907,0.8798796071233732,1,2
-5.973536062930012,1.3079214597645046,1,2
2.909728641035393,-4.109271005590743,0,2
-5.868219084015365,0.5568665565944579,1,2
0.08408600583399414,0.4741410560666574,1,1
-0.446531392154127,0.47051783915228657,1,1
-0.3488904134948423,0.5298135264405883,1,1
-3.0915824746906884,0.9142000899027461,1,2
-0.3659228161908375,-0.6049461380437594,1,1
0.6470445660993247,-0.7724375871557829,0,1
-8.393193773083915,2.0615579445705734,1,2
-0.972490768338362,0.497812970456999,0,1
3.683786046008461,-4.229104737855794,0,2
4.611418488790642,-3.980656733705872,0,2
-0.47561742229161347,-0.15027685094074905,1,1
-0.5307833836608331,0.7173940648352045,0,0
-5.183754213501951,1.8374404263139743,1,2
-0.8145684731054808,-0.34646836833534,0,1
-4.857000690535899,1.6662639731555662,1,2
0.4364444877688066,0.3157700662237425,1,1
4.735365823579387,-3.324382439180755,0,2
0.44176276649485013,0.6297025714115324,0,1
3.7893149917685665,-5.138968196852097,0,2
-5.234308797144882,1.3490509030538247,1,2
5.504884647799638,-3.9466500244435663,0,2
0.8870584155714567,0.600330325758131,0,1
-6.011389271487106,2.0916783280943196,1,2
-0.2573414004418867,-1.0681451474607018,0,1
-0.36698158452852736,1.0061803930963042,0,1
0.939366364119826,0.1734291509994606,0,1
-6.124026894643087,1.9837971774746663,1,2
0.04027813681690735,0.4264705967266381,1,1
-0.5560076793062674,-0.6461593651871028,0,1
0.7949855706051921,0.6083115761597813,0,1
0.1444362288545629,0.5128939548981978,1,1
-5.943071550582091,0.10288018503670393,1,2
3.6051483637167054,-4.586964445008517,0,2
0.4462972861261176,0.3915162809812615,1,1
-0.18968870229953597,0.4845805049393869,1,1
0.3206517580026632,-0.051088837151357744,1,1
-0.7154896278815777,-0.7957218694009169,0,1
5.060827320023001,-4.371378852913022,0,2
6.489233942589703,-4.242310736930406,0,2
1.0482550454846162,-0.0011797208913375198,0,1
0.12547372341272073,0.9653871572041559,0,0
-5.786105261538638,2.1921423409499328,1,2
-0.23855396554628527,-0.8976748550882301,0,1
0.8298594107959218,0.37123520198526055,0,1
-0.21206414478366947,-1.018821407718956,0,1
-0.43275608077131156,-0.3488386474220479,1,1
-0.5519541926856133,0.15555662348730948,1,1
0.17719283305772143,0.4830820770904131,1,1
-0.4379939362149964,-0.20576031966910985,1,1
0.1989502125407346,-0.3735295300912685,1,1
4.641648347427751,-1.6789093737230965,0,2
-7.085924490132962,1.1889660075599753,1,2
-6.27067026891309,-0.24978197048652495,1,2
-0.9971708946308457,0.6323916058275649,0,1
0.33077207128754843,-0.3914218824249357,1,1
-6.532918189291047,1.8021402358475829,1,2
4.889090083304743,-3.448042901967562,0,2
-0.23703613652978495,-0.9982212725135857,0,1
0.40304634087681024,0.3978873663005013,1,1
-7.150857658747606,0.36546411504773024,1,2
4.089928133436951,-3.457452691382222,0,2
5.412422886722534,-3.5562239092885024,0,2
-3.8414402952682893,2.19155372282355,1,2
-4.909344533376953,1.5801698520896923,1,2
0.09967497600661661,0.35881538578514494,1,0
-6.580738138105559,0.4218586568453937,1,2
3.67834625674519,-3.5043679053195027,0,2
-7.127276353637875,0.31113987323884584,1,2
-0.85313858915926,-0.021359827114192844,0,1
-4.465080962996154,2.7123322129540686,1,2
-0.6382139003530494,0.5661127734778149,0,1
0.13736946111430554,-0.36471747875235794,1,1
-0.1033242472690003,-0.44772834319771176,1,1
0.6065918017872239,0.5637084006657734,0,1
-5.27378195378658,1.8533678897112917,1,2
0.5155957498308443,-0.10842213191750072,1,1
-0.1918558927691555,-0.49675127519781037,1,1
0.2044532240538523,0.15370711371688234,1,1
0.9348470791131702,-0.49901245142254796,0,1
3.5982554136747606,-2.774632395182976,0,2
-0.22651015765672355,1.148401087695689,0,0
-5.9076747075659695,1.3763045182650375,1,2
4.02081202047129,-4.779544589262086,0,2
-6.222446030605765,-0.2439807423066016,1,2
0.9797221751345043,0.43909386670091494,0,1
-1.0515390289040172,-0.06604529914887078,0,1
0.29069122898157107,0.31467545022946314,1,1
-5.196971761537059,0.31219278528490535,1,2
-0.053683899473438296,0.9796336024116331,0,1
4.514701742049518,-5.424738709669619,0,2
-5.4486658380028015,0.6439083523622657,1,2
-0.40204434404252265,-0.1878601496417431,1,1
-0.21835104073606842,0.6312470799182602,1,1
0.420626548830571,-1.0329675853016573,0,1
4.485932416867277,-4.489293423268037,0,2
-7.221380607316397,0.7471765022114718,1,2
-4.817667163892297,0.9836424118116467,1,2
-0.5042757841746222,-0.3418663827135735,1,1
-4.8588014213295985,-0.3197433029075212,1,2
3.7321473435529473,-6.319309716487835,0,2
-6.454575614536816,1.336158835080359,1,2
0.26769485507189184,-0.31313986657086573,1,1
0.15834214747937533,0.460205707253083,1,1
0.27962044626488913,1.1135979845041124,0,1
-6.191048792992271,1.0075838463161675,1,2
2.2278876172095403,-4.515778319196017,0,2
-0.047659735894698116,-0.5099880786021633,1,1
-0.5388542213302231,0.44727893737109914,1,1
4.243655706464099,-5.603478760932867,0,2
-0.5049616126861417,0.17014529522399965,1,1
3.6572072462698393,-5.43734296252594,0,2
1.675265182773366,0.055584547514001825,1,0
2.8408751564683032,-3.7087090943245355,0,2
-0.11250811451416778,-0.4837067598729992,1,1
0.42064739892539704,0.11937750147192563,1,1
1.0372345330834385,0.13752981568394504,0,1
-0.8755497777436205,-0.09048253815980709,0,1
-6.598658965500968,0.36745343720003987,1,2
-0.08305783414935257,0.5485854942207775,1,1
1.1255237374724218,-0.06888689838469216,0,0
3.008737169343866,-4.108978958568979,0,2
-5.175350215678202,0.38823344424142925,1,2
-5.080706095823927,0.6213984072439193,1,2
-5.202596270191637,-0.009233035763126063,1,2
-0.3904267214902765,0.04903974343442044,1,1
-5.667287463493182,1.239990983995594,1,2
0.5778945699516275,0.67999964017458,0,1
-0.43520098712293853,-0.056429228180106455,1,1
-4.995420455080916,0.7417420062569513,1,2
0.3781463856480055,0.2255602738876482,1,1
-0.37430246606375706,0.9935351861584086,0,1
0.41349340057867634,0.8476307042079629,0,0
-8.303818284519213,0.8702119299161274,1,2
-5.598953330809054,0.2207333953001428,1,2
4.45739418593644,-2.8561705326240796,0,2
0.30521882945290274,0.858931080423166,0,1
-5.46638007525407,0.5217121120453633,1,2
1.026922946516248,-0.4395118873119964,0,1
4.300908393756999,-4.435818507950911,0,2
-0.4020413799496726,-0.2523485296915133,1,1
-0.3243581739839103,-0.5141109452114454,1,1
-0.3307371537955164,-0.4122347920924766,1,1
-5.095265434344861,-0.4887181324924583,1,2
0.8855210133193444,0.6740316509425512,0,1
2.275685872989591,-3.023877354136416,0,2
-0.3476407820819939,0.3410910944232302,1,1
0.3487515057983235,0.0781121410182711,1,0
3.9880711504071424,-3.212790612581504,0,2
6.1800597429880995,-4.848171387849841,0,2
-0.16369091665170796,-0.5351401689194039,1,1
-0.44391358663942526,-0.15411944436038208,1,1
-0.7548119375073745,0.5694496455174313,0,1
2.731082567256445,-4.077689227433779,0,2
0.44310015228671273,0.15364688232520946,1,1
-5.678381417869789,1.2122739704134133,1,2
-5.548647916836847,1.1913909994916159,1,2
-0.7243836792355648,0.536977791542208,0,1
-5.589357109170163,1.7686679693004996,1,2
-0.08123369849592736,0.5157081857956323,1,1
3.967830788604925,-5.225711927186488,0,2
-6.2201350268335736,0.3460325791349774,1,2
-0.6473038963157633,0.6428472121132238,0,0
0.12028447034503176,-0.49216460627273473,1,1
-0.22115690237049973,-0.4988359332450524,1,1
0.09396835738858067,-0.6585381199033999,1,1
0.9688537783732536,0.5300607711984552,0,1
-4.528870308307955,1.3328352769714018,1,2
-0.14741976704784748,-0.5871212099006685,1,1
0.7124074339737952,-0.42918655444694925,0,1
5.042785389993112,-4.13422327282525,0,2
3.169548623364569,-4.931594386812904,0,2
-0.06641718357658287,0.533677211057223,1,1
3.9207232452156466,-3.300400318522801,0,2
-0.412227819673692,0.908377179398742,0,1
-5.016479512324491,1.450538767480804,1,2
-4.203234385844304,0.8616331594812063,1,2
-0.15662544388083122,-0.40687840363582806,1,1
-0.6211890820825481,0.2175349268912784,1,1
-5.338743430756208,2.2086270284118097,1,2
0.25779723788079756,0.16103923271228385,1,1
0.017252306118220984,-0.5247701673266267,1,1
-5.636444563357265,-0.6654557864550183,1,2
0.4693798902740562,0.004997630253493646,1,1
-5.763203325821803,0.39403460342296914,1,2
-0.3964878700616105,-0.9369910974198031,0,1
0.6284173980311665,-0.8290128995871882,0,1
3.0918669891321793,-5.883176061709814,0,2
3.19024143760145,-3.9899990200890434,0,2
0.2067968708592746,0.8690565081418444,0,1
-5.118033593022541,1.3720653111179835,1,2
3.1117154123784845,-5.623570861729651,0,2
0.4795366773016987,0.1338306113464109,1,1
-5.810929901920914,1.6532783180316044,1,2
-4.539906357416989,0.20429495946630583,1,2
-3.8215667439804193,2.178651412482152,1,2
1.6879242627591269,-0.09810349635104863,1,0
-6.494884351715241,-1.611627105630554,1,2
5.149462226195512,-4.693558586292188,0,2
-7.615086008382828,1.1714900630275287,1,2
2.600304882785072,-3.99917958896954,0,2
0.3915159945547656,0.7806111716965431,0,1
3.4537359440507935,-5.249150138077861,0,2
0.5195980711413527,-1.029970924269131,0,1
5.060535617263222,-4.142135628507712,0,2
-0.4218798066997124,-0.1333275411917419,1,1
-1.1235122613165844,0.008876532411105864,0,0
4.095340686431409,-2.675305649975483,0,2
-0.8203148571899115,0.7124767801436533,0,0
0.4905822007668582,0.9257814862251776,0,1
-0.7371206770334607,0.5143669983754925,0,1
-0.3157499933380288,-0.6361435606971684,1,1
4.27202169332646,-4.403650864702046,0,2
-0.20413731712689892,-1.0341300263838524,0,1
-0.44720855766358364,-0.4472222176112085,1,1
0.2815316079491059,0.3163993386818218,1,1
0.5326860071033538,-0.17995422267181183,1,1
-7.825835037168186,1.2672322457283376,1,2
3.1059523059715666,-4.146998346834442,0,2
-0.5219234645872295,-0.8417702708264212,0,1
-7.011735930165074,2.0604919820189855,1,2
-0.9882345177581959,-0.2930757939657994,0,1
0.9923542944963429,0.376870652635648,0,1
0.7666441403185065,0.7490851334424976,0,1
1.0196807888054478,0.6678730357920829,0,1
-0.879360745528921,-0.29137718371317844,0,1
0.39165868510300533,0.8558490744246786,0,1
-0.4115658326015881,0.2866571410643965,1,1
4.180847896000826,-4.972011516097914,0,2
-5.841936987294872,1.7085323984606866,1,2
0.22798715106320927,0.7871090645170183,0,1
-0.3332005576994319,-0.4128654201135865,1,1
3.240835179493678,-5.361982072245493,0,2
1.636006209499161,-0.18266105518768955,1,0
0.17559130836256365,-0.3273979384721384,1,1
3.921127197289379,-5.076552455189544,0,2
0.3471251341581431,-0.22323810905905622,1,1
0.5028453037239168,-0.882714354060179,0,1
3.51562683057717,-3.6012499079894336,0,2
-0.9287304101493351,-0.6495861133851925,0,1
0.4657533712893162,0.0726590976538392,1,1
0.0207280152012273,1.0883412306972189,0,1
2.7066467522084467,-4.670524152773568,0,2
3.6825679350161566,-4.208424968466433,0,2
-0.14098928250393397,-0.5138188999319497,1,1
0.45513162887162595,0.1625532838945815,1,1
-4.482853422707579,0.4772175211177586,1,2
0.4756670803758553,-0.15316114112561932,1,1
-0.6590917702111162,-0.8278777741630712,0,1
4.0634105047038975,-3.5727392269488076,0,2
4.424564600743219,-4.791453691703482,0,2
-3.988565912803815,0.5024353711736942,1,2
0.8399068663754501,0.6548466335299367,0,1
-5.24225613791468,0.45760963609681626,1,2
3.4568531199322337,-3.056644387277884,0,2
-4.969391381771259,2.53500049608318,1,2
0.09806931987961824,-0.293105520157112,1,1
-0.03691753722778004,0.4804891529787411,1,1
-5.5475004393490135,1.3055862658165893,1,2
-4.595264675995765,1.5961358961103098,1,2
-0.9178855126966047,0.21938031705615146,0,1
-0.37428570572685416,-0.8043843650844363,0,1
-0.6662577616711138,0.9061184374284037,0,0
4.130043720676429,-5.130414816772972,0,2
-6.473587964787889,1.2715607565542908,1,2
1.2661085110110584,-0.5068236110917834,1,0
0.46945356195376026,-0.4799868434485285,1,1
1.0058299728097615,-0.03508873381568339,0,1
0.13364869317709377,-0.4033297738490836,1,1
0.1227887870787244,0.8649236009197541,0,0
3.530759787223332,-4.1667601917018455,0,2
-6.4319156833384605,1.6273424749083785,1,2
0.02117837280114706,-0.865970402356266,0,1
-4.152094919017259,-0.4639180461716077,1,2
-4.719505233442098,0.17558033525631855,1,2
1.7624443839519282,-0.013366243623926265,1,0
-5.912485599535632,0.13638432477489093,1,2
-5.984276534332066,1.8738127514867284,1,2
-0.3059877888105127,0.2587283180825558,1,1
4.711824116061674,-4.43357302822171,0,2
-5.990062870587981,0.7811303131588089,1,2
5.650304031767307,-5.845653347823768,0,2
0.08679560611728632,0.4635484401545009,1,1
0.9181626160679537,0.4076020535796099,0,0
3.927509020231462,-3.6452650169830783,0,2
-0.1385772342417214,0.5173762173944614,1,1
0.6154683887048362,0.2503048785270163,1,1
-0.019329155102762466,1.1117500761237613,0,1
4.008610726047845,-4.551609874514764,0,2
2.3683532005198686,-6.202800191756763,0,2
-0.39326161411977895,-0.05717763581415919,1,1
-4.4844118505754285,0.898620807074828,1,2
-0.740357936463335,0.2986351959208148,0,1
1.96901395811952,0.17228000465327994,1,0
-5.323937624798271,1.0518719284137654,1,2
0.9268635829989685,-0.36673655083557893,0,1
-0.44483030029493253,0.04824193446148238,1,1
-6.142749078058025,1.3725089551305323,1,2
-4.955994444395672,0.733199680570791,1,2
-0.41907413413735084,0.17848339152656534,1,1
1.0101311155949249,-0.4162507457474654,0,1
0.6505739443118409,0.7592377676943034,0,1
4.80434604106054,-3.9249417189209383,0,2
2.879164721699142,-3.7093332335384144,0,2
-0.5289582640891055,0.16192525915692682,1,1
-5.776565977548799,0.2664244006748918,1,2
-6.049621236969505,0.559721349697922,1,2
0.2714685627494975,0.3686750127621852,1,1
-4.943447567965952,1.6540394779936483,1,2
-5.82978231236839,2.684057711538475,1,2
0.14349268467657678,-0.9009835204274065,0,1
0.39619820706974085,0.2540040178113663,1,1
1.1920431443938866,-0.020516571385214996,0,1
4.565326417601821,-3.992610271178855,0,2
0.4141470357286025,-0.5935866336556248,0,1
-0.4395747331158677,-0.2196634585212195,1,1
-0.5613945350698957,0.8622506175668939,0,1
-0.6295564046183459,0.6756072126401245,0,1
-0.1872978712291291,-0.88773715749771,0,1
0.8877547762740615,0.38926481549083053,0,0
0.8169488076292102,0.3594665635688796,0,1
0.545863824494674,-0.8439266191712927,0,1
-1.0099046352124648,0.17921356092688223,0,1
0.2655614460717233,-0.8419262849154623,0,1
0.22044247778034498,0.24776255398434077,1,1
4.402158569406767,-3.627058400025409,0,2
-0.2281287821158793,-0.3879142059562689,1,1
0.7623283833043262,-4.99120229901764,0,2
-4.869900923585625,2.2659303709590293,1,2
5.148369574089658,-3.8570337040040497,0,2
-5.938609488240996,1.2611391393361158,1,2
4.022844541419383,-2.81762403276399,0,2
-6.850208432043033,2.2517485298618816,1,2
3.6841803702720375,-4.638853232857624,0,2
1.8062833619147907,-3.2374862100997106,0,2
-0.5713406446931679,-0.186419950325472,1,1
-5.234250188780502,1.490610845780268,1,2
4.571438401229064,-6.25510123251286,0,2
0.2776271522747382,0.9347429419188841,0,1
3.509742970347124,-3.642450169398889,0,2
-4.909196321145361,-1.1331462644422228,1,2
0.09103819111784628,-0.06146457595855287,1,0
-4.987037056339816,0.6395998442880638,1,2
4.997544099286314,-3.933955320014845,0,2
-0.3412188847504967,1.0243028977285948,0,1
-5.868910542073844,-0.873767145979222,1,2
0.18737805730073398,-1.004512265433764,0,1
-4.560964472397665,1.7237855362457655,1,2
-0.5365966924973447,-0.1086831418519803,1,1
3.380741583771034,-6.834267905060269,0,2
-0.7908400224139176,-0.2961110765249276,0,1
2.8892208309777505,-2.558178619907908,0,2
-0.49845357239777943,0.9705915567400598,0,1
-4.152047232212081,0.9581949269642557,1,2
-0.664070765551702,-0.06909239547107345,1,1
-0.42140182822924055,-0.2824362450706613,1,1
0.1920410010234397,-1.0720213546312718,0,1
-5.010705715241115,1.2662983339432674,1,2
-5.657115221738906,0.8250793533802347,1,2
4.7012303475179955,-5.420165340533911,0,2
0.8751598915201544,-0.5401360613479065,0,1
4.690333105085562,-3.953744453135516,0,2
-0.46705545219857986,0.14628653666944788,1,1
3.389993592478698,-3.381842454385234,0,2
-6.093446328715663,1.5441820121740695,1,2
-0.26968432618799676,0.5539737356763722,1,1
0.12214983180294914,0.9796305240499822,0,1
0.41633465707562,-0.039516082908804595,1,1
-1.080493420863355,-0.25835401301597377,0,1
5.888479064464374,-5.360890980351993,0,2
-0.4737633246323665,-0.5930063739494696,0,1
0.1599242434073906,0.589539837685654,1,1
-0.5020795432765587,-0.5247252915155054,1,1
1.2003603588179141,-0.11960656791630866,0,1
-0.3069232605023199,0.334697572624443,1,1
0.7392313823541148,0.44462472507292,0,1
-0.2716957618789465,-0.8120554384895555,0,1
-0.8412403214712305,-0.0440001654944826,0,1
0.11684812604122066,0.6127914510058562,1,1
0.3217398496570067,-1.0596727431003807,0,1
-5.2757133527075855,0.6996436794902974,1,2
3.4106798604182327,-4.339611849574718,0,2
1.088227374060099,0.006958495929480807,0,1
4.719211746691531,-5.284722102227587,0,2
-0.42887979158017875,0.870782964303116,0,1
-6.791038159718024,1.5759926507725472,1,2
-7.287999253886867,1.2193895098865766,1,2
-4.8121466399843555,1.1647968453640722,1,2
-5.396255619491878,1.6857367774034868,1,2
-5.665318148673699,0.5683659713741253,1,2
-5.247601330826644,2.045179208101342,1,2
-5.463281645847088,-0.15551402711292517,1,2
4.306303826394863,-5.395908902137984,0,2
-0.8967971436706117,0.28167316924416047,0,1
3.602866065338509,-4.173152565982131,0,2
3.0293751421480715,-5.208215304867135,0,2
4.836488907757533,-5.70589400121838,0,2
4.128965823045746,-4.403331074223403,0,2
3.3886953745847297,-4.04619603364904,0,2
0.5659638059114496,0.38366848713514773,1,1
-4.139697219061318,1.023140541785049,1,2
-0.05361851694875549,-0.3953747892985712,1,1
-7.120480353490862,-0.3077038851919329,1,2
2.715998931009585,-5.603701086046351,0,2
6.261445708166889,-3.9320890603803393,0,2
3.250497560335178,-4.3719222699293026,0,2
-0.5033995715824555,-0.6600445887322397,0,1
-0.8367633989752359,0.23609494596551328,0,0
-4.351269183612132,1.2072525273997117,1,2
-4.592915419885488,0.03148490811685423,1,2
-6.947299240756576,2.012545954447651,1,2
0.017056307276767775,0.539944919558913,1,1
-6.698389574536272,1.8043051118428246,1,2
-5.230933957177031,2.5272180033145557,1,2
-0.42798062067336134,0.17705564967797183,1,1
4.889214161950963,-4.591463887511841,0,2
0.02446350623894982,1.1154645435825412,0,1
3.9019253352676615,-4.3753048837860105,0,2
5.4532357291570355,-4.960439243992201,0,2
-0.652933936837356,0.7058477657094663,0,1
0.8846650239166237,0.36774464990885425,0,1
3.3053588617173673,-2.4727769775898096,0,2
0.4262788708446731,-0.2935674054718037,1,1
-0.3752513627484655,-0.3644586900220183,1,1
0.5954415454912388,0.20435318395649552,1,1
-3.5082373655606442,0.786625434363706,1,2
4.03085060440965,-4.698897401767564,0,2
-6.252226458492297,1.2235645466972342,1,2
-0.26971121007693805,-0.8674090819115472,0,1
-0.5037726407181701,0.23016705400990561,1,1
1.0601046516340407,-0.31188212033302215,0,1
0.24150038533406448,-0.3499096986708238,1,1
-5.809691219278381,-0.2271426247798647,1,2
0.4377933577074544,-0.26650546796286906,1,1
-5.767057221264949,0.05649777815095769,1,2
3.5744748802171475,-4.959751455195717,0,2
3.170755288597208,-5.477256578977435,0,2
0.3120143268999987,-0.8579184684811181,0,1
-9.050464759930396,2.17516485676912,1,2
-0.05866070591843496,-0.49659222812460646,1,1
-0.34410864993766005,-0.18233191383936495,1,1
0.30898220325580905,0.5596540927989822,1,1
2.094024727544465,0.2796219138159038,1,0
-3.404877994040977,1.3947137239452765,1,2
-5.252054632493928,0.9622186414946676,1,2
3.172946502558109,-3.9555267251261848,0,2
0.10860211771967702,0.32106706557681586,1,1
2.1783133627648628,-4.943070268011799,0,2
-4.3027949817105595,0.3847830458263689,1,2
4.480685930026988,-3.8576241557943494,0,2
4.692544226111748,-6.084834578234983,0,2
3.5745592538624136,-3.8856290586423,0,2
-0.9230403507990761,-0.36408208632830713,0,1
-6.622715656998393,-0.8591362742139084,1,2
-0.0881978535089871,-1.0145859081671846,0,1
0.7727278369681317,-0.8002791673307896,0,1
-0.19985545665572196,-0.480236081892643,1,1
-6.271870067361354,0.41384013360597016,1,2
-6.0919831834026414,2.1222171594764108,1,2
3.660090222206478,-4.388064022045418,0,2
-5.163336325536191,2.4774642044583004,1,2
4.785938568350694,-4.294604523222608,0,2
3.6950649873984647,-5.759171757095266,0,2
2.3289431789009605,-3.5233445221547743,0,2
0.2923648185468,-0.4242791084753919,1,1
3.842861425575097,-5.19252037093639,0,2
0.4262707533273087,0.07036203771518096,1,1
-1.160084127051583,0.1438276113844424,0,1
0.34189106604665515,-0.37293797358702063,1,1
3.9496997101918567,-4.471177171545073,0,2
0.21524693537273562,-1.01461695178459,0,1
0.5053375660788761,-0.2570195513247616,1,1
-5.690021174540805,3.2430835149246597,1,2
0.9720389030652645,0.21902698037407775,0,0
-1.0745647587898397,0.017533149879625537,0,1
0.17956984263157721,-0.9310249304842714,0,1
-6.065546152943587,1.7256239360860675,1,2
-4.555487983625189,1.4254174295098694,1,2
2.516604225960643,-3.7902040072255576,0,2
-0.4810829871935324,1.0082272992113053,0,1
2.351934918130227,-5.1838028231567685,0,2
0.21403370746234585,-0.1843923884943096,1,0
-0.32147449140239376,0.42704653226340517,1,1
-4.273820443993794,2.4193616222408174,1,2
-4.787554643697598,0.7420189553303476,1,2
1.14127082887223,-5.864419727780041,0,2
-0.5102740407571014,0.9458479203109617,0,1
4.233898887383277,-5.574313320659063,0,2
2.6087811321675805,-4.946831900862169,0,2
-0.23091813912889297,0.4675228265823047,1,1
0.16791933908289552,1.0059526116700221,0,1
0.8717446336486299,0.5382999973571332,0,0
0.17098568504635664,0.3322426244993182,1,1
-0.6839514287098685,0.7041522728822913,0,1
-6.722742641475932,1.0068366252845022,1,2
1.3744524931638,-0.4105021550339643,1,0
-6.902706636395289,0.9842880630865894,1,2
2.822997805991795,-3.9104811028499373,0,2
-6.118307855382418,2.5378637020999975,1,2
-0.3659613102946287,-0.1514925365639073,1,1
3.0476351852254235,-3.4352737279678345,0,2
-0.5807080359748127,0.6834853835841338,0,1
-0.4665530912848326,-0.4059004322693027,1,1
-4.849695937659433,0.8698492434930185,1,2
0.7758561795065863,0.6723288367253382,0,0
-0.2917470037417461,-0.2205736587748793,1,1
3.8306990151477187,-4.492196345956302,0,2
0.5615515797123667,0.851223872994865,0,0
0.5629671902505211,0.13603082520823442,1,1
-4.701881786177556,1.4696257946426576,1,2
5.070039954904695,-5.065378859880071,0,2
-0.42600322525288775,1.0694741856396368,0,1
-0.0034486615816896327,-0.30073551577363733,1,1
-1.0574253016484356,-0.26331217096639464,0,1
-4.378327905369999,2.217484643984812,1,2
5.8051842586708675,-3.861518761099977,0,2
0.48116844828594335,-0.19256555075070925,1,1
0.8137220030158766,0.7174791231568907,0,1
-0.1374635460390588,-0.537049888703292,1,1
3.4809920734962914,-3.86439453930472,0,2
2.8143437585377917,-5.727896442597212,0,2
4.010874610660644,-4.326224999786872,0,2
1.9872341687060722,-2.8584840254823485,0,2
0.7029687918140617,-0.5040256735755355,0,1
-6.3501623537212115,0.2613142654341434,1,2
-0.5563411285674005,-0.3120114284429189,1,1
4.023536597479445,-4.510717294122511,0,2
-0.4354216382693462,-0.16419719422147194,1,1
3.124017193891617,-6.004882795113018,0,2
0.38228055476548556,-0.1502944233433187,1,1
-5.989080191837038,0.7626666829847297,1,2
0.3318868203687015,0.47810970378953266,1,1
0.48209193222831936,0.03922058106555421,1,1
-5.689181183612418,-0.6042011290832301,1,2
-4.136802869123939,0.5060436703237451,1,2
-0.9233402386874483,0.20611100307934335,0,1
2.040891331570417,-5.4055438491742045,0,2
-4.020971779939636,0.42571051615888755,1,2
3.2368005959858754,-4.334679427993241,0,2
0.0241892499438937,-0.509540199771378,1,1
6.135313794682688,-2.0904272120186245,0,2
-0.27700623509889094,0.423827885582806,1,1
-3.937720994712518,1.1786351345317678,1,2
0.023586446174669734,-0.5601800594568991,1,1
-0.5880701135682989,-0.6940393601879876,0,1
-0.20857420020679213,-0.9668102558696782,0,1
-0.44721299889581567,-0.13368887679420557,1,1
-1.0500759099958268,0.21013595638788907,0,1
-6.581269807174096,0.9948822284713622,1,2
-0.5820143716167745,0.7293873479458971,0,1
3.7853703644769396,-2.960607705128859,0,2
0.5892682041967001,0.9100350476467327,0,1
-0.6330486574877523,0.5146008317163787,0,1
0.009819210052711665,-0.5096512529210101,1,1
3.6153093377149577,-4.163457328112574,0,2
4.96186342771061,-4.471556027720046,0,2
0.004380640123197083,0.5411815325992955,1,1
0.5119093242850761,0.06336850393946654,1,1
-5.623768925793016,3.8770031187754137,1,2
0.4693403311797915,-0.3194012442518221,1,1
-4.412012256174084,1.2263443665743714,1,2
-1.0388382141175807,-0.1542081776678082,0,1
-0.12067217996679239,0.4339979953084652,1,1
4.55987174244715,-6.429706745404715,0,2
-0.3221556724286857,-0.11993051469492808,1,1
-0.666650226032589,0.02202502718192497,1,1
-5.769406309668585,0.8083718760764226,1,2
-0.5710935551843279,-0.18889947314082145,1,1
0.7164711978526687,-0.7534323632170886,0,1
-0.6801875070284632,0.6510623980614293,0,1
-5.621029104483195,0.4153622933946669,1,2
-7.072666012833405,1.0398654435498011,1,2
-0.07251665146356766,1.0617648269828317,0,1
-5.612110113367094,1.3813349107658248,1,2
0.9116344321937054,-0.1074671929374706,0,1
0.03746048938254436,-0.8853588391994416,0,1
0.3015769387136203,-0.9533754351073193,0,1
-5.302911135919449,0.848282767333301,1,2
0.3808507339493662,-0.20085180597178431,1,1
-4.399065900926246,2.72790354977057,1,2
-3.8623467893826158,0.23463314501926358,1,2
2.1983942621350803,-4.119750548593952,0,2
5.558917906467999,-4.21140701852958,0,2
0.520738315453764,0.13438457053534594,1,1
3.269823623684936,-3.5262687038027307,0,2
-6.914800130561046,1.391832278295066,1,2
0.7423523914602499,0.25772687455830917,0,1
0.5595633519459404,-0.6167289897825322,0,1
0.976517965481599,0.4726548538868892,0,1
-3.3371543041071483,0.9639727064662881,1,2
-0.3552642769286719,0.3726083125288961,1,1
1.0148506191719315,-0.3874370460990674,0,1
-0.8113661168705754,-0.6240748842991708,0,1
-5.640160708907813,0.8639888486220273,1,2
-5.403027735968321,1.353635748066123,1,2
-0.568250329803049,0.8133528111004047,0,1
2.6920304992693787,-4.153157404545762,0,2
-0.25826855491883205,0.4403797931092509,1,1
0.5531484381688352,0.5243363186857282,0,1
0.654623682401513,-0.4343238612915375,1,0
0.34101586069721357,0.16172994610014318,1,1
3.104883137203611,-2.848549466553113,0,2
4.666752287853474,-2.786481272841612,0,2
1.144108695532439,-0.13265268333492652,0,1
3.3823180669398227,-4.2772888276030265,0,2
0.41627281762050744,1.0229208732187751,0,1
-0.5382508755439755,-0.911874133225517,0,1
-0.5979552396893852,0.9025432174654358,0,1
0.3480336360801555,0.4600747456053381,1,1
-0.3868939164547869,0.3328666824312692,1,1
0.7929371946672396,-0.3027144785807143,0,1
4.414858938035325,-3.6067009103452436,0,2
3.680727861572259,-4.9468604486359355,0,2
0.33042947246165133,-0.933350817558647,0,1
0.4640388986628202,-0.32778288231573527,1,1
4.3324696731765995,-2.8052839320191394,0,2
-5.49480494632949,0.90145360901287,1,2
3.744784534784382,-6.513382143009522,0,2
-0.3507675731155422,-0.2827031052287118,1,1
3.7596398941581035,-2.635030528947391,0,2
-0.9275803375863749,-0.037449717895475604,0,1
0.9017422831961237,0.06129217906226994,0,1
0.9670536549759317,-0.34840956259537226,0,1
2.324202916170173,-4.151032620111792,0,2
3.6897149304795214,-4.133905568484539,0,2
-4.1787503008421005,0.8898071435342924,1,2
0.5469222220652481,0.04617039876173312,1,1
-0.1383077562205875,-0.47514569177397253,1,1
4.267972762957034,-4.289043795471231,0,2
2.0474448843142503,0.35091482608793095,1,0
-5.627846107735814,1.0418671646737032,1,2
4.69443855795425,-5.106202134753421,0,2
1.964563138466878,0.09457656386379747,1,0
-5.142656594342801,0.3171325400510847,1,2
-6.280279910156718,0.17861431165912667,1,2
-5.258110609669368,1.1379227403078305,1,2
0.37343703551624563,0.059664026899081096,1,1
-0.30165069370166675,-1.0341432037003322,0,1
0.3688446150469986,0.4153694385738126,1,1
-5.023500892064702,2.408468845861875,1,2
0.027819979730605668,-0.3980721394575564,1,1
-5.770849955292239,1.1138053918465378,1,2
0.21442921439129284,-0.3982692878151842,1,1
4.529558948286827,-2.292630902533845,0,2
2.1556123587008806,-4.68472589338388,0,2
3.4854017523111667,-4.711564576610929,0,2
-0.43486776506436003,0.788961370665835,0,1
5.06102822115312,-4.830617629793976,0,2
-4.439779950935931,-0.7626391835930981,1,2
5.551592199807384,-4.774373447681277,0,2
-0.6739001428194249,-0.32256578198140623,1,1
0.3661981607022441,-0.45205350394707866,1,1
0.367857969503053,-0.3733621894624278,1,0
-3.889731298933146,2.296320258482209,1,2
1.0849133577526102,-0.6687900376469095,0,1
5.091587761056761,-5.374416347475446,0,2
-5.642366541472108,0.608406656238914,1,2
0.46274737751009454,-0.7574367089841112,0,1
0.6187022703708694,0.008288665516101768,1,1
-0.3836295252819898,-1.0503419086099648,0,1
-0.4093029014923489,0.936193318697043,0,1
0.9162281123157108,-0.42827747581032155,0,1
-4.478143441636043,0.5622611280576679,1,2
0.7937781350548628,-0.6728162718592119,0,1
0.4424678507179268,0.09276980053488233,1,1
0.9699800222518071,-0.5188826032559544,1,0
2.9244165585751283,-3.636994620572564,0,2
-5.3551410464473275,2.0402540605027744,1,2
0.7813517806024132,-0.5336930389303375,0,1
0.25791180843545547,1.0280073446361846,0,1
-0.30947515024731126,-0.84871637063404,0,1
-4.83883647392143,1.4083740013179564,1,2
0.010795833403667222,-0.6415429078938953,1,1
3.5279692835002177,-3.6037220228940865,0,2
-0.42824401831276193,-0.2587738568327183,1,1
0.35138770537427233,-0.5151114718923915,1,1
5.0998380093186855,-4.828106506109553,0,2
-5.084233935632128,0.39064547879734945,1,2
-0.5583039639975544,-0.2076175880691756,1,1
4.385654607159463,-2.7326688495362728,0,2
4.0253041243524725,-3.4762836543272844,0,2
-4.210086186741016,1.2854542242175904,1,2
3.904757730525752,-4.24307117208257,0,2
-0.5716059908757395,0.8034221515855364,0,1
-0.3683126702072296,-0.91976024472061,0,1
-5.294742321222541,1.1146782900639345,1,2
-4.963514036253407,1.7359885218201938,1,2
3.1805562463877806,-3.7096185749646464,0,2
-0.26409676628929735,-0.35933195246549066,1,1
0.5081461992557262,-0.17453905658705085,1,1
-4.246065124577161,1.2230754743592687,1,2
-0.5761754204039803,0.0919474885577823,1,1
-5.266401309399768,0.3934284233155,1,2
3.698479660429059,-0.7056340829661001,0,2
-0.6022028654625998,0.04011936051524892,1,1
-5.644398391742709,1.259164513997369,1,2
-5.689584003378538,0.03106753647917815,1,2
3.196921725236775,-5.4897364320875806,0,2
-7.005507542601409,0.5539144803884147,1,2
0.599739435959118,-0.2578714110565128,1,0
0.5026858513186354,0.11955053849671324,1,1
2.678193838484037,-5.461540639504075,0,2
0.9735903023474783,0.2643764113602822,0,1
3.761506485410953,-2.968694848666394,0,2
0.7867334976480349,-0.49518612330671796,0,1
0.6451729378542896,-0.6545896453625232,0,1
-5.757366628905583,0.16586862156558635,1,2
0.21817181246837122,-0.2164745266952481,1,1
-6.236776833824616,0.6525503539467217,1,2
-1.013694688152916,0.1987569118737083,0,1
4.856846143715815,-4.450848983782627,0,2
-6.482533055244947,0.9188774830879508,1,2
-0.24366185192743656,0.3682966153027296,1,1
3.8269926368535425,-6.549831011946713,0,2
0.09841813599302307,0.05019173995711545,1,0
-6.920070981335074,2.4097866899171443,1,2
-5.636562724241567,2.216649820710704,1,2
3.3804286157614913,-2.471243191059936,0,2
-0.7871371127593066,-0.7241515450716499,0,1
3.834181172699223,-3.9985297842653567,0,2
-5.744185981905334,1.134603980040179,1,2
-0.03866666803970466,-0.5831438929698298,1,1
1.9134567728484846,0.36253120289777796,1,0
2.5301498433476457,-3.2195181995641953,0,2
-0.4258379320287117,0.3533014791936614,1,1
-5.53503102692357,0.9210270260854027,1,2
0.36268702328579633,0.2520749383767845,1,1
-0.0017830516564917819,-0.8985251763193212,0,1
0.18816572203716028,0.9543825891137838,0,1
-0.1843766707472,-0.3736949965938294,1,1
-0.3744460674645491,0.2658622769684079,1,1
-4.980055986443681,0.722415442214012,1,2
0.29412204380492174,0.18502150923396943,1,1
-0.5031652633367679,0.13985215639363507,1,1
3.4758145357697035,-3.277960497945208,0,2
1.029299591154628,-0.3221992798185115,0,1
-5.61735493464834,-0.2612997951220277,1,2
0.29345942783073165,-0.3644521424589241,1,1
-0.49958442308723855,0.40392864537079354,1,1
0.08070728261319571,-0.45073709123284134,1,1
0.5102627944462061,0.8042003658116406,0,1
-0.2234756040369577,0.5320371371851526,1,1
0.6159812121338247,0.8733074853865763,0,1
-0.703019966849511,-0.9648729385578767,0,1
-3.659385014102848,2.758257511844017,1,2
-0.86584895087165,-0.34301983304520983,0,1
-3.495201839325281,-1.0658063885963935,1,2
-4.842693572598241,0.7669537473651177,1,2
4.091094021374828,-3.5722338206193056,0,2
4.179353651412764,-5.251521150613331,0,2
-0.4820945887555285,0.8258483530826173,0,1
-5.993142437888709,0.8792766455137819,1,2
3.601619467236044,-3.2643451061385367,0,2
-4.366714138376921,1.887332236104156,1,2
0.7465472168223485,0.5230943063307436,0,1
-4.8106656495611935,1.1135077189261788,1,2
3.1567999795847923,-3.5323939885972955,0,2
5.673095937080163,-5.075276036233474,0,2
-0.4913453171659451,-0.2669758510380647,1,1
0.48818480385483465,0.12825671904108682,1,1
0.7300169444323333,0.641873689618171,0,1
0.46646940755379174,0.23108477758849033,1,1
1.074666241540686,-0.6600271906022845,1,0
-4.932489515034422,0.8276684411515305,1,2
0.7103837880174586,-0.4802911344541922,0,1
-4.029730798136189,2.3365243164657596,1,2
-0.1133366141119471,0.4333167851215182,1,1
0.6209984140181677,-0.18969880427025626,1,1
-5.818385364616619,-0.15858157427161879,1,2
-5.395704017952197,-0.05416671359105085,1,2
0.32781527006609357,-0.6020169670622274,1,1
5.673424798968066,-5.244957696691889,0,2
-3.2972695454228695,1.7005814952201979,1,2
0.5082770699415453,0.8390795069080349,0,1
-0.21903378776555563,0.3378646769642536,1,1
2.1578506074473855,-4.977090535590328,0,2
4.620806257214021,-2.334053130267703,0,2
0.2117538512259657,0.6722095772327551,1,1
-0.4275988410479673,-0.7600036113768921,0,1
-0.729222257516695,0.5468424837404464,0,1
-0.41304583811297946,0.13298714578188794,1,1
-6.154171374048715,1.4018776881014232,1,2
-5.986893336837658,1.5722833668243252,1,2
-7.016549104236008,1.4349209424984344,1,2
4.442366561555956,-4.3041358915606835,0,2
5.578201573443041,-2.5617447088224203,0,2
0.5367326297267572,0.7994305613816505,0,1
-0.3591645174395629,0.41775936872702496,1,1
4.233171642743422,-4.0334475404615375,0,2
0.8825744134592022,-0.3397126621498362,0,1
-0.5775340043594377,-0.2686099926598556,1,1
-0.7004365536422287,0.8147976569254649,0,1
-0.1483519201733098,-0.4899996633887693,1,1
-3.837882770629257,0.6631466431622879,1,2
5.324736641714187,-4.6361492272346725,0,2
5.079589254503865,-5.544565350002639,0,2
0.11772435103699992,-0.44818735008803867,1,1
-0.4108860191980681,0.3824024262113221,1,1
0.42761632152795814,-1.0223979683010442,0,1
-3.99405203279216,2.3696834295039344,1,2
0.8389512553781753,0.5982882916867698,0,1
0.3221343969956783,-1.0888794815966716,0,1
-5.662298513576661,2.0073022372275733,1,2
-0.19782808594481222,-0.45338238436665745,1,1
-0.3258462736328875,0.9715112349487369,0,1
3.6451366135366023,-4.320255076773059,0,2
-6.55375535753408,1.0462564855621572,1,2
0.2106006031039437,-0.37785993328724254,1,1
1.128840245228286,-0.0695842550577338,0,1
-5.765066604485246,3.2973291491145185,1,2
-0.6507221230565093,0.05282939274052954,1,1
-0.6768774221234173,0.60117986396131,0,1
3.8079350365532103,-4.860750017700068,0,2
-0.9459855069100566,-0.46640385349591285,0,1
-5.044967187946996,2.31199643600706,1,2
-0.37559196603160594,0.4703904488011958,1,1
0.5127801320650571,-0.37972047312040214,1,0
0.3794531457391694,-0.07999672119018725,1,1
-6.302083633739584,1.2187441430423183,1,2
-0.6092180407268507,0.0743366225782137,1,1
-0.9312864227166912,-0.163203921330446,0,1
0.5858396897046931,-0.46328288067890977,0,1
0.8704673575973834,0.32093245763231254,0,1
2.0072914756965514,0.5818887068421288,1,0
0.23350959027274804,-0.5193212172430137,1,1
-0.5729585139891709,-0.018657736055115517,1,1
-5.845057480950906,1.5642184393816028,1,2
0.18298590198848386,0.4880864667484134,1,1
4.452602153239864,-4.703903070986212,0,2
-0.10248156684488066,0.503474105909793,1,1
-5.5375346215520596,-0.5874357188845964,1,2
1.0384542069348806,-0.0750911395175584,0,1
0.1683504756311207,-1.0558421504825404,0,1
0.7768483409522984,-0.4955941425015804,1,0
0.36073012874193766,0.89843949680773,0,1
-0.49173709986942166,0.6641722690857347,0,1
0.30501201462830135,-0.35167967592310057,1,1
-1.0039199598292885,0.059402757616835056,0,0
-5.814377662079438,2.3122967258040066,1,2
3.5083052065522184,-5.443684621608716,0,2
-5.773198482097313,0.4741512978250394,1,2
0.5935792339222314,0.7525510224687058,0,1
-4.045595733621142,0.5544036513051429,1,2
-0.12640211015863212,0.23161069593238265,1,1
0.37758901239983944,-0.9293760152091134,0,1
3.5377639012376307,-4.137235194877848,0,2
-0.14870235143274882,1.057105871728469,0,1
-5.413299688745596,-0.721333787663945,1,2
-4.799491672769621,0.2367241073846842,1,2
0.3291076777801495,0.3479318606801597,1,1
0.09812775098679252,-0.9685206612188175,0,1
0.49900455758661455,-0.33066441530186436,1,1
-0.8211086288604512,0.2107658711360918,0,1
0.5994049438175408,0.9169538317366839,0,1
-0.6015745306065124,0.03440911777801628,1,1
2.9320622431813317,-5.377256413613108,0,2
0.770526891844665,0.8548859428994076,0,1
0.9304002836984364,0.2958501223082116,0,1
-0.647271703901392,0.7061970237356866,0,1
0.11856340590939309,0.9518424254001331,0,1
0.18324286099534798,1.0572876686230128,0,1
0.8748066789673729,-0.38691494656235514,0,1
-0.5109887849532172,-0.22546487602090856,1,1
-4.868930723930555,0.25196265532129714,1,2
-0.5212004756199549,-0.2007130538380719,1,1
0.5683282889204206,-0.20798586124701235,1,1
1.0427680440764797,0.18974309897763075,0,1
-9.26434912557693,-0.10087682324530922,1,2
-6.191723974007314,1.5147713395486453,1,2
0.13620020468456262,-0.24439189120076288,1,1
4.942122765913603,-3.9984724448964113,0,2
0.06842296659668926,0.4262857669511842,1,1
-5.030080869940386,1.324058271408287,1,2
-6.582893442549554,0.666998665759321,1,2
-4.6390744861066935,1.5205298807229655,1,2
3.4729577558136397,-5.022360522851004,0,2
4.991598180880015,-3.246833969840383,0,2
3.890054377312317,-2.82830968936665,0,2
-0.3627746589243318,-0.2754001292363152,1,1
0.013629753525171234,0.8784702302705784,0,1
-0.8967520284246622,-0.019434272672763382,0,0
3.85976061323714,-4.3728660454857105,0,2
-4.588865628920569,0.8053494112893906,1,2
-0.3845217624130722,-0.14899551110277162,1,1
3.6643972601112353,-5.170409248029204,0,2
1.2502282552365909,-0.2826265972837301,1,0
0.9465747242259082,-0.3974140139388096,0,1
-4.9769045258726745,2.7792049875012848,1,2
-5.229563616887169,-0.6389850391719989,1,2
0.49477759173981317,0.36771593251171913,1,1
-0.07324488811117769,-0.3743179168151636,1,1
0.044704165305477606,-0.5913056327196436,1,1
-7.966131940452875,1.868947598942987,1,2
4.915857730658172,-3.2834065938560015,0,2
0.12682770861784298,0.32310109214591,1,1
0.2908456851003861,-1.046058971740036,0,1
4.321461758508902,-3.5298203394460943,0,2
0.3099092342859955,0.9870403886137644,0,0
4.810800631716491,-3.3897709825458215,0,2
-0.21970522501327033,-1.0052658285997764,0,1
0.4028837382812296,0.2577050408313436,1,1
-6.326193991564446,1.6693052436168603,1,2
-3.6155175102114114,1.8719966237792987,1,2
3.952756055244481,-4.087003283133222,0,2
0.4317327038534569,0.999712908257802,0,1
-0.3248228119516733,0.8899632074688378,0,1
-0.29427403744623454,0.9633991145481632,0,1
-7.006414837608413,1.6009168105789926,1,2
3.5713636093938903,-4.505247839278328,0,2
0.19270567777840794,0.5356994828851569,1,1
-5.4787653006594965,1.9825912613371328,1,2
-0.5204181713850295,-0.09514761759190497,1,1
-0.15243468641477959,-0.613286579142537,1,1
4.395153777995449,-5.695107789022081,0,2
3.156674997710041,-3.482350633199193,0,2
0.4461703846367145,-0.4283110055922477,1,1
3.526017673855125,-4.403242886305426,0,2
4.903516147214989,-4.116919579896138,0,2
-4.625035701522417,1.7664938610443772,1,2
-0.4348753700990982,0.6972890237917151,0,1
0.4052740894058183,0.3022251280622507,1,1
3.2646044597818515,-4.63282642928937,0,2
0.5004492714645851,-0.3001477224971021,1,1
0.7968428448492384,0.4114954788523656,0,1
-0.22826242991972864,-0.13738294732816814,1,1
5.463474001261097,-4.807127399626088,0,2
5.161255500581202,-5.684481864388179,0,2
3.9796056367213017,-5.386444244242018,0,2
1.135671141037067,0.049752622548094205,0,0
0.39326870306789996,-0.09228139586091211,1,1
-0.6700522405802516,-0.8995883153901599,0,1
-0.5400107462229138,-0.7544838706661622,0,1
3.1090081918224954,-4.899876789873304,0,2
0.16138562207110546,-0.4679821643509281,1,1
3.8646387604709926,-3.8542940213764623,0,2
3.82270922139899,-4.0509516539237085,0,2
-6.281246296676205,0.37165220561513035,1,2
3.9043235673756347,-5.013477235262083,0,2
-0.33123157291399186,-0.8580259677697412,0,1
-5.1083156522849995,2.747511179797217,1,2
-4.68574911634798,1.217733291190739,1,2
-0.13945495353171408,-0.9999248299148342,0,1
-5.438653783851347,0.6223354467283937,1,2
-0.0022501965130890117,-0.8793531998646178,0,1
-0.09432569169936719,-0.9538416811815775,0,1
-0.04270432503981263,-0.7026514197381173,1,1
-3.498081523376648,2.5313035710075087,1,2
0.5505038373409813,-0.84827056079307,0,1
2.4112757366935735,-4.738400714129133,0,2
-5.318989582484928,1.0886551702933278,1,2
2.609492152597322,-3.010784002326565,0,2
-4.869239807466408,1.5589527762712132,1,2
4.013376568088873,-4.029929270754792,0,2
-6.079941448743553,-0.16059131824253003,1,2
-0.6591705201521649,0.7229959188795002,0,1
0.5044725616141987,0.03294438448286325,1,1
5.018916369171685,-4.347736718954761,0,2
5.538074679979285,-4.54744569300157,0,2
-0.3004908173675805,0.930742936721996,0,1
4.890263787171076,-2.492856505691108,0,2
-0.5288898852558864,-0.10369385513668804,1,1
3.5384839182021315,-3.7034074385873534,0,2
-4.372293490828359,1.7180392518447347,1,2
-4.328026234430004,2.5760171029234398,1,2
5.120616169022331,-4.625471419831792,0,2
-0.8194421782114668,-0.5238692096722246,0,1
-5.4348591624497145,-0.055998980522325326,1,2
0.4710091788930753,-0.27305580197603296,1,1
-4.130771044821033,0.6346676711585671,1,2
3.3315286313650274,-4.435540438041631,0,2
3.501704113833428,-3.034343751388674,0,2
-5.762301646925609,2.286552168850304,1,2
0.30296378351645964,-0.3651932794269091,1,1
-5.8290526236145785,1.5459065281906268,1,2
-0.24007499776376817,-0.22516995229146883,1,1
-1.0644835675001418,0.02271609377180673,0,1
0.8668792805634669,-0.21027292115610446,0,1
-0.670486014612404,0.7344531116097123,0,1
2.5584352418626244,-4.609688576343825,0,2
-1.1120260247069003,0.3103740005641452,0,1
0.8317459605176187,0.20326403956826966,0,0
4.483239877960443,-4.807887860766035,0,2
1.176006198997848,0.2700987069324899,0,0
3.919351059199849,-5.122857729387641,0,2
0.23930117847854315,0.6137513420330986,1,1
-5.646302739176842,1.4805798498028993,1,2
0.014815076047785342,-0.6051522419074958,1,1
0.4163137656301069,0.1589663009296982,1,1
3.04984736894818,-3.9935859771851203,0,2
-0.8170293958042217,0.9171635012693535,0,1
2.4259253127078377,-4.509570697485151,0,2
0.6247344965424925,0.6668994734185337,0,1
-0.24013482030984298,-0.5267303841819274,1,1
-0.11528414269705674,0.4918967728016062,1,1
0.49745355992986906,-0.9517014390995918,0,1
0.2737089805261758,-0.7640756248870366,0,1
0.0590529818448787,-0.8734405356035496,0,1
-4.862916478243438,0.592728103988398,1,2
-5.775614951274022,1.7701874645229734,1,2
2.0342081188779133,-4.189482837125834,0,2
-4.957741717608974,0.24971671371406612,1,2
-0.9909958845495372,0.3531300561880984,0,1
-1.0744855087544174,0.3441355767102614,0,1
0.37602954521216414,-0.1380347984407192,1,1
-0.7952663984805426,0.2746645033824962,0,0
-5.55936205774241,-0.9158367842604225,1,2
0.4244852363767416,0.591307122223881,0,0
0.6292144412229944,0.8008855910996597,0,1
5.184621086681451,-4.966082284839333,0,2
3.9157798262818813,-3.591012614939501,0,2
-0.3997793140172245,-0.3928808124437907,1,1
2.569376034834173,-3.503213298916626,0,2
0.5371253228177097,-0.9368611077349848,0,1
-5.455257271461744,0.402666188538061,1,2
4.508925327530462,-3.6975235218480775,0,2
3.7367687261631417,-3.8280776876326943,0,2
2.8128188777217527,-4.826466889720474,0,2
-0.09422789108407383,-1.031738456638416,0,1
5.860234579005534,-4.683056676103768,0,2
0.969088211111619,-0.39741423968652856,0,1
-5.33148167232132,-0.13041350696589715,1,2
-5.441514704671033,2.865643765783769,1,2
-0.9421166730122194,0.42150118681337756,0,1
-6.232633393039692,1.2799720322029993,1,2
4.945774980498309,-3.3436282065977383,0,2
4.230674195939808,-4.122301441258701,0,2
0.04236320337160037,0.5831227169166142,1,0
1.2979456751488985,-3.0184919984030785,0,2
-6.259601082778319,0.49448306481227144,1,2
1.6602247342608338,-0.28579739607860555,1,0
0.14668729419380586,0.4101734744371102,1,1
3.4502607666428795,-3.9171625729115744,0,2
4.681417380224514,-4.207572551507055,0,2
-5.404699431549509,1.6607040877964552,1,2
-0.3082456286495282,-1.01341943560713,0,1
5.190204981183994,-2.939759475351199,0,2
-6.781107660550991,1.5450102635984662,1,2
-0.26408264879333315,0.4188612240311831,1,1
-4.767091266998398,1.3466035944040946,1,2
0.9519063447618895,-0.2858054755583609,0,1
0.3658335657376271,0.24061705807406275,1,1
-6.391908649673513,0.29618452186933775,1,2
0.033783677770771736,0.5390914204427194,1,1
3.7090912466571684,-2.415649177160593,0,2
4.058769235733715,-5.5397570437762305,0,2
-4.520204548737438,1.2293398700665352,1,2
-7.419669181139219,3.0535440775442284,1,2
0.45887495175793985,0.931789864832603,0,1
3.1969348308454566,-3.020392469144047,0,2
6.321748977894958,-3.8643011406836325,0,2
-0.1000784991719795,-0.4618121147468997,1,1
0.3482919777586103,0.3579310391750385,1,1
-0.4102219059270197,-0.7372659373710089,0,1
3.6146255652397725,-5.363115702119278,0,2
-0.10645970510803084,0.5404957628298899,1,1
1.4909231479122087,-5.584391489296697,0,2
-6.74048153227889,1.2272262811580585,1,2
-5.028773260622742,1.9068311305814218,1,2
2.3531508645605763,-4.404775463002342,0,2
0.24394743745617775,-0.4008742731470559,1,0
0.8741709786229039,0.09012461799254032,0,1
-0.4216224336404932,0.9254203255015194,0,0
-0.3815568432363564,0.24096150696815768,1,1
-0.7803360429091125,0.5646707140042001,0,1
-5.578971315184912,2.0397883308606035,1,2
0.04062783837003168,0.2189057587382573,1,0
-0.4179025238824494,-0.16713356387339479,1,1
-4.971013800919372,0.8369131939251276,1,2
0.7224153771165787,-0.7841152186295465,0,1
3.3804632986350125,-5.255271007076695,0,2
1.0133518366833907,0.5719681482977925,0,1
-0.2952720427012128,-0.4232820994558772,1,1
0.998957201694046,0.5185116620096327,0,0
-0.025405343798811902,0.5839171479652624,1,1
5.087452586397085,-4.959978020829783,0,2
1.0021217022679096,-0.14749959880852448,0,1
0.4075423506914106,0.3151657854087174,1,1
-5.19396973904381,-0.3704637942771509,1,2
0.2203721153497672,0.5403278371158055,1,1
5.184848033903546,-3.302827097647917,0,2
3.8076422167001405,-6.040111035393486,0,2
-1.0080601844123456,-0.09394069988041609,0,1
4.260200483232985,-2.758583740626916,0,2
-0.202326021993195,0.49035370876338497,1,1
4.67206993311885,-4.357796523035362,0,2
-1.0075584651902634,0.34544181442122823,0,1
-5.300305518227365,0.3011219318625564,1,2
-5.153954108928305,1.3107428756812611,1,2
0.14729297983859654,-0.45515663310864474,1,1
4.194617670355531,-4.649485032350697,0,2
0.21104358016234512,0.8686439080481754,0,0
0.7758579164641105,0.6044943175727902,0,1
0.389233609726635,0.2885252414524799,1,1
0.9470809687103731,-0.060226195641546534,0,1
3.637379549186991,-4.3941450411391605,0,2
3.2602810857237867,-2.6650202581800233,0,2
0.39608743079820596,0.4059981458357817,1,1
4.369966012246231,-4.194617881456141,0,2
2.5138649415229564,-2.647601982346453,0,2
2.7447262191845425,-4.131234075978896,0,2
-5.2751815289660176,2.5084588383662068,1,2
3.194166755857156,-3.775964311425011,0,2
4.098105978893711,-4.001871437912488,0,2
-0.08769567881350278,1.0859783543947015,0,1
-0.013598240209311512,0.9194438013642319,0,1
-0.5004728523905141,0.3744304105607013,1,1
-5.120765524720079,1.3119455777676996,1,2
-0.3133148258203934,-0.38478051599644103,1,1
-0.051734905376877055,0.4645727589568482,1,1
1.7599757535451959,-4.312818785602241,0,2
-0.3028681142392877,0.4601243164070857,1,1
-0.9721415847332323,0.29325622365067444,0,1
6.016497071545418,-4.1127720707625866,0,2
-6.2384912347777375,1.752220192977201,1,2
0.5805371033373177,0.19041717616144727,1,1
-0.27289215352395263,0.11780003491858196,1,1
-4.85356361021437,0.14029089250210347,1,2
2.9391090226377505,-4.811660509034109,0,2
0.9783027096066146,0.40080538899036156,0,1
-0.17147791987976377,0.8393577746891154,0,1
3.653597698091057,-4.829321372480519,0,2
-0.925148943136742,0.610516120135881,0,0
-0.5662025093613112,0.8998166357048496,0,1
-0.3670279303610948,-0.07087026246837533,1,1
0.4324883299019504,-0.27290543083329144,1,1
0.56826825287768,-0.09538097679758392,1,1
-4.615710612069762,1.0030671896200374,1,2
-4.695972166235529,3.299400488719979,1,2
4.162033370167779,-2.670616495757607,0,2
1.1349114136496539,-5.316317684256801,0,2
-0.34805855181275813,-1.0150966374663075,0,1
-0.1726733593675166,-0.4084976832932778,1,1
-0.29632636771747956,-0.5133476881040994,1,1
0.22860832162692746,0.13248229487921534,1,1
3.2601781064927833,-4.233962758094058,0,2
1.0842599834609286,-0.3029398115780492,0,1
3.4190408381511115,-4.724984726344655,0,2
3.5943729500242165,-3.246098842070669,0,2
-0.20582976144561207,0.9025748294255344,0,0
-5.1600596321603085,-1.0203268254086741,1,2
-6.439548693293704,1.9711156935185605,1,2
0.7349934655237955,-0.470100999448229,0,1
-0.45739402094521664,-0.08863396270009771,1,1
-0.054104701729496885,0.30192869169237985,1,1
3.553633800975306,-5.656938279651161,0,2
6.130085811174361,-3.5889163707703227,0,2
1.1603743137671958,-0.2184169854798783,0,1
-0.9349166712997268,0.18908688911273624,0,1
-0.5633832851847925,0.9047867875670697,0,1
0.8248394434264066,0.43424825461493594,0,0
-0.9623992031555034,0.41442542911438557,0,0
-0.7032307396577371,-0.5516037175942499,0,1
-0.5178035829076351,-0.08366450093406935,1,1
-0.163029036416846,-0.5847971856453182,1,1
3.2678330653767262,-5.206924935434828,0,2
2.6113398884817767,-6.2089822798934,0,2
-0.4353138908435644,0.28072697765539306,1,1
3.6048964704383244,-4.444213575349571,0,2
0.4459868528375307,-0.20238606071609816,1,0
-3.395480445736879,0.9587935512295492,1,2
0.7019257443864988,0.6247537319369485,0,1
-6.27424076235171,1.1577166741081395,1,2
3.456028741886442,-3.2313559729590424,0,2
1.6355645381684472,-0.20700992074930696,1,0
0.19503272814214165,-0.8130498463636916,0,1
-0.19180448323565993,0.46649700404949096,1,1
3.1372917614282487,-3.6026284697557864,0,2
-1.0325692762371526,-0.2544374227462688,0,1
-0.24462326152274036,0.46829027230940884,1,1
-5.153727519330924,0.8153724838846306,1,2
0.5095362013592952,-0.2644651806456489,1,1
4.8852160671243965,-5.154826887620066,0,2
-0.47531561136664896,-0.1849381105722197,1,1
-0.376149097704083,0.8696162732436051,0,1
-0.5996044147787628,0.678564029344763,0,0
4.089132407013153,-5.937688371755368,0,2
-5.103283869149543,0.6619381814916064,1,2
-5.19050899560133,1.944179327811966,1,2
0.4273747103445793,-0.26161707400663664,1,1
0.28963439205770647,0.5313180793212113,1,1
-5.671023104945819,1.8770160557752893,1,2
0.05506405559603398,0.49071916342979804,1,1
-4.709694716716619,1.3107649383873747,1,2
-0.4224943561107928,0.47858446545393835,1,1
-5.501349199068323,0.4285048076149852,1,2
4.290586771728907,-3.1940144983042122,0,2
-6.5516208096520865,2.04390818638982,1,2
-0.6546220578940277,0.599475601288538,0,1
4.820300462435924,-3.7202607616650636,0,2
-0.03075908609199953,-1.0689430125889456,0,1
-3.997514927475536,0.5613961560825225,1,2
3.0639514404420782,-5.65190127201463,0,2
0.2124904942577731,-0.9509347000407496,0,1
0.17952177706775058,0.40621918740892754,1,1
-1.2727364803182413,0.1346172439465874,0,1
0.722066557622302,-0.8585107762784109,0,1
-4.552671264270572,1.697968459340508,1,2
2.87232793461763,-2.9569449820603104,0,2
-6.107896386240696,2.6019451276243024,1,2
4.820090103250403,-2.522327119011302,0,2
0.5162901238393306,0.08741920059768037,1,1
-5.779670882619294,0.7607192229792425,1,2
-5.111520412155469,1.0711375778721668,1,2
2.065499412656485,-5.507182362672184,0,2
-0.39764557108415705,0.405953438580045,1,1
3.377130762272305,-4.338007407004052,0,2
-4.29503036717736,2.711276877282093,1,2
-0.07906910739119043,-0.9101471046225826,0,1
4.143969786661468,-4.679373036064929,0,2
-0.9416682725966994,-0.09138211474367727,0,1
-5.64087026769581,1.5650986552836061,1,2
0.4193996075894427,-0.39715948041179094,1,1
-6.3169157479452025,1.6021437435884969,1,2
1.5045473865019834,-3.1709466433976896,0,2
-0.22122102908392735,-0.3735584368482006,1,1
-4.469978758664693,-0.06590496477427266,1,2
4.903028091756391,-3.2792559153152507,0,2
0.320216399733562,-0.7448006215244458,0,1
3.447018396848741,-3.1974169506914754,0,2
-0.6911320968169693,0.5145753253402818,0,1
4.032951749280561,-5.456150255025837,0,2
-0.9890309166253374,0.09955158775508213,0,1
4.616188118751911,-3.69144516232534,0,2
0.06487367223234236,-0.5606047615645817,1,1
0.45086776128980843,-0.7322321442202392,0,1
4.079317540455393,-3.7275707051920257,0,2
-4.693816164662407,0.3439643359901443,1,2
-0.6970818637463462,-0.5458445123703739,0,1
-5.843262025827619,1.3388889014091472,1,2
0.48836048345501076,0.10763231486195422,1,1
4.35608551113245,-4.985535785405959,0,2
-0.5912545028266131,0.38151901519006226,1,1
0.37723043190195615,0.39168222335835917,1,1
-5.059267878019162,0.8163690404337891,1,2
0.6084643023345939,0.11911892623269871,1,1
-1.1148769352903867,-0.040077959174901694,0,1
4.452726342391776,-4.038452629262705,0,2
2.0589862332100317,-4.87594506767084,0,2
-0.03755581189715746,-0.9848392406352857,0,1
-0.8444721089339124,0.782820318272165,0,1
-5.4052621219589545,0.2299989173673197,1,2
-5.561062229935381,-0.07675447935825308,1,2
0.08320192678905175,0.14147512995122025,1,0
0.37718375230038736,0.6159278420566789,1,1
0.359735176140065,0.8620307487952606,0,1
-1.0541193265190192,0.5252378223574042,0,1
4.86537216283355,-3.8969941561262393,0,2
0.01587799442504194,0.48052883923392126,1,1
-7.131052242625326,1.3721961306937622,1,2
4.8336899320918745,-3.0772256524097976,0,2
4.1264026445007085,-7.508268308911724,0,2
-0.580638584942313,0.06510845782672008,1,1
-4.284595780044156,-0.20726632139740264,1,2
4.908119717894579,-2.0390699624944584,0,2
0.5194993961187928,-0.020232523899656053,1,1
0.9055505061005,0.4575734730525488,0,1
4.110418841554236,-3.0993513621838327,0,2
-0.5603542276539368,-0.5740824470160671,0,1
0.5079870215964812,-0.0905212138468656,1,1
-5.83475094334636,1.185707385749304,1,2
0.9002968405630511,0.30407059489167637,0,1
4.236767930584647,-4.8884386412972365,0,2
-6.514941352082042,0.3245448620269702,1,2
-5.524454607451145,-0.46881328768197617,1,2
-5.010754504756528,0.4129682025962208,1,2
0.3864051428402913,0.37055288856342766,1,1
-6.324196181913212,0.8853045721171104,1,2
1.7422977813190097,-4.230210855623767,0,2
0.6432511394653326,0.8339541133896524,0,1
4.530266220649252,-5.408854227743563,0,2
0.28260687781532356,-0.3842616319581677,1,1
0.44176711735183344,-0.1917599863574867,1,1
0.1332737865061759,-0.31299450987824917,1,1
-5.117124166796855,2.034023618357458,1,2
0.16037285060638318,-0.400247068255129,1,1
-0.16295947939048128,-1.1396799963527202,0,1
-4.475542478958365,1.3037441835399672,1,2
-3.8583568040430225,1.8485135859144304,1,2
4.04621182752631,-4.584987623136971,0,2
-0.9545948331731673,-0.4698366813410852,0,1
-1.037093728894127,0.27798087886084705,0,1
-8.243808203597357,1.429698591226337,1,2
0.44663895981694496,0.9663425076593604,0,0
1.7240032224853232,-0.35557226587197344,1,0
3.188569938664834,-4.204306057716359,0,2
-0.2582668896184566,1.0047406614204588,0,1
0.32212666876343216,0.9617594153282776,0,1
3.6737643414266357,-7.0758024064531355,0,2
-0.5885640609293157,0.6975435687694685,0,1
0.7652910585481998,-0.587780069153629,0,1
-4.934828955362958,2.0121286272423706,1,2
0.4539552733132732,0.9146674348827964,0,1
-5.311934238465218,1.0956984966850816,1,2
-5.056899733569427,0.7567764764444187,1,2
2.6576367624271455,-3.53008488931557,0,2
-4.210817050017475,2.150178258420871,1,2
-4.974316569717987,1.1767723975992543,1,2
0.06813203628373822,-0.6328138252448708,1,1
2.9443601292591604,-3.7715274496544877,0,2
-6.636496023924286,0.7906100941233578,1,2
1.1151509958254626,0.39583903664469355,0,0
0.4149898749564123,0.8925544113464757,0,1
-0.4980800470072971,0.07140185216795615,1,1
4.209327283214155,-2.6812921293819625,0,2
0.6715881345934008,-0.7063618572960034,0,1
4.803463521117432,-3.867858276066771,0,2
-7.1788724186705695,0.3479215702628916,1,2
-4.130169986293005,2.0152206980075285,1,2
-0.9298075576013664,-0.48630549356175296,0,1
-5.665629835881492,-0.10795264462051679,1,2
0.28867728563550854,-0.38095781214236696,1,1
-1.091511535807795,-0.2546353393872136,0,1
-0.8631680493775552,-0.6989176091212235,0,1
0.6187095932309743,-0.830109284152267,0,1
-6.116479621647028,1.6943827022948745,1,2
-0.8094287992410756,-0.7366898153725906,0,1
-5.5824570385246925,1.717493987375905,1,2
2.1739818674064257,-4.625820815730921,0,2
-0.4116332185331782,0.29524136538900164,1,1
0.32658770785281244,0.4104972546446306,1,1
0.018803048146202372,0.9034414119397232,0,1
-0.7572703359052759,-0.26136722076220564,0,1
-5.1251870577332275,0.8089022077860158,1,2
4.8408443215395485,-5.651710180095524,0,2
0.21545659534176076,-1.0501300638414561,0,1
-6.668577876850632,0.0056268818513622865,1,2
3.533227789547534,-4.3155345187355625,0,2
3.3270437289310038,-4.656943628572547,0,2
0.5276041719786319,0.777099448406138,0,1
-0.4338263538463601,-0.23952496602763423,1,1
0.8919386221539458,0.44243060261110645,0,1
-0.8375582090678221,0.5473103420388578,0,1
-5.968954044501259,0.32015894226142194,1,2
5.590336200105172,-3.4699051147816826,0,2
-0.6483852184083391,-0.2800702185640733,1,1
-0.026830210374639743,-0.45775426310317713,1,1
-6.27406871704689,0.6387722780442255,1,2
4.632693829763962,-4.8753186323332365,0,2
3.805694979101533,-3.3890187596515355,0,2
-0.47944845327576824,-0.7424846268508046,0,1
3.270232401260585,-3.6660897509365,0,2
3.965324214461151,-3.427110417467974,0,2
-0.5835253167877601,0.1977450819224914,1,1
2.993549843554841,-3.1013842562103076,0,2
-0.4256095363415682,0.49854426698920995,1,1
-3.8558859819992364,1.7641207740307303,1,2
-5.014541964567214,-0.8531798622525761,1,2
2.0056679822601065,-3.5814259818528034,0,2
4.312253950984098,-3.9517496728102808,0,2
0.5508962749409992,0.16648622042252065,1,1
0.0940864266618262,0.515911073121135,1,1
-7.337469332434955,-0.3225935305475607,1,2
-4.793757092300151,0.8844608958492863,1,2
-5.051252097960671,0.6041806513972386,1,2
-0.3507456461282357,0.24040189057446404,1,1
-5.71727111584613,0.3253952933731258,1,2
0.5389413016185989,-0.3867360748971621,1,1
0.05585504576090779,1.0296973331788624,0,1
-0.9203045471914757,0.08193431048260458,0,1
-0.7744390589802054,0.6292164733621277,0,1
-0.47488186127463183,0.8045218294475844,0,1
-0.8591200716097617,0.35463895182974975,0,1
-4.915718515532908,0.30866369723621123,1,2
1.0494939357561839,-0.1006296135127756,0,1
0.2530077895310748,0.3452079407694365,1,1
-4.652645331231413,2.194285973082436,1,2
-5.937567683457905,2.952543289578684,1,2
2.8448157999514656,-5.640684845610996,0,2
-1.0340737397995414,-0.22958309845337266,0,1
2.8170194411200455,-5.531396811577332,0,2
-1.0189972506715803,0.2592716746101023,0,1
-4.1572235292067035,0.35096114611381446,1,2
0.5190292734375921,0.20130595810192908,1,1
-6.319620805821933,-0.15055293753178733,1,2
1.1199358479502706,-0.18144576605825796,0,1
4.842071647777088,-5.550783537804655,0,2
3.2118978746500053,-5.249769624559876,0,2
1.6778487259693624,-4.86618384746309,0,2
-0.9327195920338073,0.1394070339055856,0,0
-6.90373063338501,-0.020332179202625422,1,2
-6.1983677425148676,1.2127249820572943,1,2
-0.2855599970901564,-0.40262970918066376,1,1
-0.3275527043392872,-0.1379989133481685,1,1
3.699957083013436,-4.726880902655385,0,2
-0.29120907627932496,0.8615433813214834,0,1
2.747230820630172,-3.1880479185340276,0,2
0.33005564122832454,-0.44759768131934763,1,1
4.867234009318938,-4.633876362065755,0,2
0.0018366487315901146,-0.48115175498023255,1,1
-4.787467147810165,0.615784918834183,1,2
5.425027848990702,-3.2078206312866744,0,2
1.1046042998223347,-0.008757588785626227,0,1
-5.240443151446835,0.7552598884572348,1,2
0.20334048045670264,0.9563414157953338,0,1
-6.981297242515206,0.8451073586910021,1,2
0.17234993447288138,0.3270459738319272,1,1
0.30768686510828275,1.0356824161665228,0,1
0.23031269796823528,0.9585142363563145,0,1
0.28005687691720904,0.4919392200032924,1,1
3.350783459988696,-2.62577676389526,0,2
-0.6066554308141596,-0.8731103387821034,0,1
0.6547234783512386,-0.17344822569462032,1,1
0.27435622925970576,0.4375474217244021,1,1
-5.284696711618281,2.5522942985204926,1,2
-5.269381922771356,1.713581092460319,1,2
0.146311409083209,-0.5832331132480116,1,1
-0.442297628997692,0.8874896477910357,0,0
5.105294483791839,-3.5971417681249815,0,2
-4.915046970464233,2.469847146009571,1,2
0.3272777394224954,-0.04122810545787253,1,0
-0.20884220888356506,0.7119080467160654,0,0
-0.8238839743362092,0.4343251588512908,0,0
0.4611122646880169,0.4217501655617848,1,1
3.74979521097813,-4.4406491316485734,0,2
-0.5010318130581468,-0.10054722071643558,1,1
-4.985519244011053,1.8403938552344379,1,2
-5.056243092452243,0.5792117374105643,1,2
3.6639380870614593,-3.3476288310497004,0,2
0.7717922243245282,-0.5172196601368144,0,1
-0.7450311440377988,0.45269467689682513,0,1
-6.879720515910172,1.3393873112097716,1,2
-1.1076647369563575,0.1214461003127604,0,1
-6.1204370376571795,1.755899501173586,1,2
0.9342200376858636,0.3295459666948337,0,1
-0.3782165429698564,0.008694973598871988,1,1
4.933437609836109,-3.891026901817555,0,2
0.4593451559897709,-0.09844148879422707,1,1
0.5136179222621502,0.9388148595275292,0,1
0.5880375028098545,-0.10101316129805524,1,1
-0.18378319117851033,0.6369726985015544,1,1
-3.8338806373345387,3.582189840885651,1,2
-0.7699988753778088,-0.4928787573384138,0,1
2.9425798226669104,-4.217922167097704,0,2
0.06289044045753656,0.5323926026693429,1,1
0.4843825861899427,0.025240861704316525,1,1
4.971719080398225,-6.382141730571373,0,2
-1.075400599095064,-0.0931563756956223,0,1
0.23341273054607325,0.5096671334901668,1,1
0.6904856876998746,0.9876695102777127,0,1
0.2999895778752516,-0.3440781470446213,1,1
-0.6459081373423164,-0.6388991775302456,0,1
4.3087843240353685,-4.6563897355649635,0,2
-5.2526333985821285,0.5829178920098173,1,2
-0.8615365320956564,0.38816960098419606,0,1
-4.04500410027924,0.29345140140528236,1,2
-0.9094539819497824,0.05285510092690837,0,1
5.45482794839751,-5.1973064094820245,0,2
5.45304748843576,-5.372239758419329,0,2
5.346682758434085,-3.469976766413845,0,2
1.5027044685641582,-4.7061259298485885,0,2
-4.287569014420507,0.8136457109438814,1,2
-0.5051197084777149,-0.13677513374462336,1,1
1.0633937277223469,-0.10192614294268099,0,1
-6.339297667341425,-0.39891557926323995,1,2
-4.429092727194821,-1.098279903086071,1,2
0.9241947442834444,-0.5188537020015707,0,1
0.5328561530104035,0.28443530383372523,1,1
-5.449411403426266,0.16660739231364408,1,2
-4.973767435157235,2.5923286544853497,1,2
3.5881776473365594,-4.76699308140582,0,2
-0.3548547843913127,-0.48196298662230525,1,1
0.6143297963352611,0.11010669333885206,1,1
-4.804353363923661,1.7375837216873524,1,2
3.961790966361103,-3.331027404247023,0,2
-3.7349829174344453,0.09469975620453652,1,2
1.692966361632585,-5.3714867201684005,0,2
3.6567292504194486,-4.253001940097118,0,2
-5.0731899127722455,1.8538899668564532,1,2
-0.14088152496986478,0.7354972239117515,0,1
0.5799028553660823,-0.23336057864225185,1,1
-1.05896500872111,0.14427637893581324,0,1
3.6055239281718863,-4.465510159486078,0,2
-0.7765128872132985,-0.525717798672604,0,1
0.4611055548735242,-0.2842576583188658,1,1
1.0367705494371078,-0.1515013514150283,0,1
-6.626982807085421,1.939299915739705,1,2
-0.9390503375519796,-0.4486655344795547,0,1
0.08602993864605518,0.9753222479308613,0,1
-0.6115271712982788,0.23357864540777026,1,1
0.6388720000184689,0.11300585715182747,1,1
4.281063083706834,-5.464138687521821,0,2
-0.2309151335438297,0.4426479643784044,1,1
-0.0027854978230204414,0.489959348060824,1,1
-6.952552635815282,0.33173559496025196,1,2
2.971801873200598,-2.2207459597671897,0,2
0.2699366422745746,0.5419184368874399,1,1
0.1632366148645661,-0.90185085230614,0,1
3.9590669422605624,-3.207897331568063,0,2
4.943687595490694,-5.986205077541614,0,2
-6.257614646603895,0.10187518409134377,1,2
-0.17856319977715007,1.035830772414191,0,0
4.050131075054371,-3.528997683805181,0,2
0.20125579545899278,-0.27481317297155194,1,1
0.46919176211178537,0.2696463923149931,1,1
-3.8071977752417703,1.5075824410699092,1,2
-6.4364079240011085,0.8889188110934114,1,2
3.96755002395924,-3.648893198137241,0,2
4.953289216949773,-4.487269713638229,0,2
-0.5608060191711851,-0.13692185948970095,1,1
-5.211895909626415,-0.05260153103187171,1,2
4.981784780831211,-4.425618688552282,0,2
3.504307608256411,-6.052456142095981,0,2
-0.730236204124743,0.8386888384379142,0,1
4.741725041934052,-3.7774731561272383,0,2
-6.026640239870985,2.574218647290588,1,2
0.4153166361614579,-0.24949056501197345,1,1
-7.265261675389299,0.4674716903581778,1,2
3.9524359202167028,-2.938992769061823,0,2
-4.255440662865577,1.9026216858891456,1,2
-0.7801339433345174,0.6035038791249823,0,0
-0.11956076594086357,1.077505529622792,0,1
-0.06207381635059284,0.6211007569251259,1,1
-0.7842594993979294,0.4416507765305134,0,1
0.17143117908602823,0.5271463242493751,1,1
-5.6422632752674025,1.185910094969552,1,2
-4.396428481746483,0.09937340962333274,1,2
3.9821893873649588,-5.897965281312269,0,2
0.5035756047569087,-1.0271217673609303,0,1
-5.960539711764934,1.2814729030545147,1,2
-5.382556835163274,0.7005037725069998,1,2
4.343246793492989,-4.229871420085278,0,2
0.5533112148546011,-0.054030791233741465,1,1
2.3249473114445802,-2.648092095659914,0,2
-4.5539399356050865,1.3303577714726118,1,2
-0.77566686059476,-0.4967276742883407,0,1
0.2980567236892612,-0.9314448590106008,0,1
-0.9740360876748019,0.03228446880492908,0,1
-5.063075407280431,0.15214906138943418,1,2
-0.3753676875575535,-0.9380331087983225,0,1
-0.9230575380549306,-0.260684928449398,0,1
0.129637587977447,0.871391649032966,0,1
0.5474525828665946,0.7984205862273642,0,1
3.237331110236377,-4.142243191002117,0,2
-5.086281787715217,0.29514344399641645,1,2
-4.702804695748394,-0.8109694809058166,1,2
0.18479526906706323,-1.0732840258204734,0,1
-4.275553446026326,1.1720122362356027,1,2
-5.594836391852976,-0.36841314975154416,1,2
-5.290037634506434,-0.5681406364525734,1,2
-0.4928756216117095,-0.014666619623810523,1,1
-0.3383570583971683,-0.35511872839768865,1,1
3.1680894671971087,-4.273568146018633,0,2
3.532020220146835,-4.700241046145724,0,2
-5.67965772674866,1.4066401713021797,1,2
-7.172631830876224,0.06449003987313107,1,2
4.177363596704771,-3.460025020875003,0,2
-0.12885877809661236,-1.0084252615950489,0,1
3.6545061653912976,-5.693295553514341,0,2
-0.1664860300227113,-0.37783623142724354,1,1
-0.6818137830842373,0.1155367854092085,1,1
3.2495558195574445,-4.8822259570654,0,2
1.0504883364327073,-0.15663696232426405,0,1
3.6378769993918674,-4.031833893732719,0,2
-5.530801014514008,2.5457664783388116,1,2
0.7991214747320591,0.5578061234582827,0,1
0.3867905125425185,-0.18364625879070337,1,1
4.462894530297062,-4.692832677148162,0,2
2.517494835886005,-6.154081956866306,0,2
0.26971828893478733,-0.5743104225031899,1,1
0.34956225106826355,0.8700050188807508,0,1
-0.8214890023901128,-0.36362878664898834,0,1
-0.06077703361354507,-0.46463376655555244,1,1
-0.5228816432332603,0.011259494997060679,1,1
-0.30541671712264495,-0.2945779073266652,1,1
0.36666068703714977,0.5807435373449887,1,1
-6.603505193079431,1.1121925360506142,1,2
5.787858121763418,-4.218675546297387,0,2
-0.23724805886741185,0.13773473159440602,1,1
-0.06646393315329197,0.37839431566840775,1,1
0.06999163877946896,0.9615685727434329,0,0
-0.324270065903883,0.3188616327705254,1,1
-0.4450333127174164,0.2469497436398999,1,1
-4.464917866764184,-1.2076098706364675,1,2
5.269482415493667,-5.846469428386874,0,2
2.949377064654751,-3.265273644624509,0,2
3.7050709259863313,-3.795339043973696,0,2
4.885985643013244,-5.695939215027863,0,2
-6.895353390472836,2.395507457150857,1,2
-5.66572367814881,1.7983413089963292,1,2
0.6639587371615001,-1.01446986017097,0,1
-5.200011873546792,1.6683375310450712,1,2
-6.529583670760667,0.9501549287001166,1,2
-0.47400129622773923,0.35581560902999193,1,1
-6.474614681888845,1.870629987743703,1,2
-5.832146300993739,0.8311869114452359,1,2
-0.34643562417915535,0.4004126036020063,1,1
-0.44153739863676933,0.9988385669789296,0,1
3.537074519828145,-6.107879663170216,0,2
5.337752858034134,-4.885924104256853,0,2
-5.659413846897064,2.3385505851794584,1,2
-0.5387074813168501,0.1171750330606914,1,1
4.860913325345198,-3.89214719821514,0,2
5.002013458191015,-5.100498465606902,0,2
1.8437401027367717,-0.04592835915274886,1,0
1.016977073863431,-0.3672993859015333,0,1
-3.905397212589814,2.6687937232210457,1,2
3.92048088694493,-3.6994193467680305,0,2
0.4345800100942393,-0.4466843559298577,1,1
-0.6126607856002688,-0.7875030830397572,0,1
0.8316928182789203,-0.5683881576849641,1,0
-0.5357625323582423,-0.029086473770268018,1,1
0.32896502526097415,0.3965210269030577,1,1
0.06013209528797374,-1.085154848171176,0,1
5.377960297281684,-3.385013215854573,0,2
-0.3334938036868724,0.41153592469035927,1,1
3.826473097694562,-4.559841685399435,0,2
0.8849798533806787,0.6356649051647743,0,1
0.17561653149086806,0.3819854373011552,1,1
0.06849262020696283,-0.46029811431766804,1,1
-4.5053921802187995,-1.3260630295190268,1,2
-0.1791851117531677,0.5693727168805984,1,1
-0.7059996191292105,0.6010225870208799,0,1
-0.09309923839463027,-0.45373075754498876,1,1
0.9059160101881529,0.03502942998044864,0,1
-0.936556441176288,0.19253204987902536,0,0
3.784020168803022,-2.408486844152603,0,2
0.3869478810357986,-0.13808260063886857,1,1
-6.368271193957468,0.9377700761052342,1,2
0.9272503412816222,0.12032017812215731,0,1
-4.516062684553411,2.1183630881485236,1,2
-0.08594762148644405,0.9651800161404565,0,1
-0.2801456790874126,-0.8764160221886791,0,1
4.183200188506859,-3.993487945221374,0,2
4.919516606672545,-4.630967634773761,0,2
-5.201698375580563,0.8978436273243819,1,2
-6.493293220499924,0.9344261657651405,1,2
4.240965215340112,-4.419264028121594,0,2
-5.515747067076587,-0.4671064330050958,1,2
-6.396722414206183,0.5560261551781203,1,2
2.5490323883029333,-2.5791543087451605,0,2
-0.9174318997713031,-0.34210379775071437,0,1
-0.35676784620069885,-1.0557774213741227,0,1
-0.12603946719181575,0.4505026338240287,1,1
0.5479024795425436,0.0723687354354584,1,1
4.202118449120027,-3.8518774440636254,0,2
-0.196509444880174,0.884217100887835,0,1
-3.6261024249893414,0.3078922259023613,1,2
-5.491916873692677,0.9899880068588901,1,2
-0.7629934890766447,-0.7094999465707121,0,1
-0.31054082859234716,-0.2865383618340811,1,1
-0.4033079539998734,-0.9853912608498645,0,1
0.6101807677748853,0.2617583686342642,1,1
-0.8867135068041122,-0.7752060581451244,0,1
-5.120548352635952,2.268312004301453,1,2
-7.14310507766057,0.9620375947686118,1,2
-0.41840652436449327,-0.37511346229409576,1,1
-0.5335233050661049,0.17413733542117635,1,1
0.5144909394922275,0.25266395739448294,1,1
0.23687647367763714,-0.366304918385671,1,1
-1.0086568720853823,0.5650074304637164,0,1
0.11048045364629616,0.44476498823745503,1,1
-5.846241061619573,2.2006735332005207,1,2
-5.476984653422355,2.296051227143016,1,2
-4.504980984621433,-0.18333235792779257,1,2
0.6823383901026085,0.7216179470511475,0,1
0.397575698705229,0.4523535119499401,1,1
0.008425960663782067,1.0177137786964598,0,1
4.520087929851618,-4.16191457878162,0,2
-0.21219160269703086,-0.9980923322999462,0,1
-0.4648379073989342,0.0313273433039082,1,1
0.4695737941951713,-0.05464741624456714,1,1
0.8317897553560241,0.6956372569618956,0,1
-0.9339493793552825,-0.43661449866958174,0,1
-0.31840421834463795,-0.5591465480857458,1,1
-0.663255852350628,-0.7347582528071716,0,1
-0.04961571610763525,-0.30299711838400545,1,1
4.8002815187466314,-3.6674227949531324,0,2
0.19792096021803418,-0.5925280408483375,1,1
0.6118505872548011,-0.9050095665534638,0,1
-5.050301345779022,0.3937884973166076,1,2
3.583293678094038,-4.167810144551149,0,2
5.196682357011586,-3.944448323738294,0,2
0.37849929879743155,-0.18416821769219932,1,1
-0.19053090687873597,0.9451416699368441,0,1
0.9853568247707511,-0.19528783463097796,0,1
0.7099128900970358,0.8335596614642403,0,1
-0.01598660082937578,-0.47727587559509993,1,1
-0.7526580822999013,0.5060330196629185,0,1
-4.689216569477328,1.233710626136695,1,2
-4.615044115805244,2.4085262205130418,1,2
-0.8854315786598775,0.03268047196749666,0,1
-0.520207505964261,-1.025757398726869,0,1
3.0628885081976227,-4.94402080978893,0,2
3.8765822293033856,-4.431418612478294,0,2
-4.907482012953903,0.13470549925767594,1,2
0.17561868539356185,1.013939548218917,0,1
-5.750755292277058,2.037911325050805,1,2
-0.26873959362103195,0.48682137629213773,1,1
0.9696353089044356,-0.46133501585018594,0,1
5.304374343451432,-4.407657989977035,0,2
3.2539142781708006,-4.57304236889805,0,2
4.167884924145142,-6.327430978375508,0,2
-0.16808167984197442,0.9875318999188442,0,1
-6.529197416114172,1.1430972505708759,1,2
-0.8332245800050324,0.3434406424735258,0,1
0.33467789584272345,0.3947026711104436,1,1
4.118427154371342,-5.359032424283031,0,2
-4.450570685904057,0.6597273068908793,1,2
4.220258099382156,-3.99755063083445,0,2
0.021359216595224967,-0.9379850148311826,0,1
-5.91793411913049,0.23004932282986135,1,2
0.8700727439757718,-0.6216281117327968,0,1
-0.20235075716078232,1.0640713153957129,0,1
-6.039254131882503,1.8307336709271336,1,2
-6.257223287585548,1.2420970771906983,1,2
4.518069266668045,-2.9440225981491777,0,2
0.19036455065068877,-0.9249738328497392,0,1
-1.1003875434761767,-0.4418667850549539,0,1
2.9661300260784422,-4.524834679686029,0,2
2.854617118838357,-3.6088964342508834,0,2
-4.405108381543836,1.3881107286400585,1,2
3.495378973658584,-5.944902529140312,0,2
0.12093882680855955,0.9886762510786546,0,1
-0.40899868339081913,-0.1767693199080065,1,1
-0.07373012065146911,-0.8436348415062462,0,1
0.7450081428714248,0.5755678841083628,0,1
-4.837540602505437,3.105834062015502,1,2
-0.5634059707726037,0.7393219335861629,0,1
0.14996985399758583,0.6660791916202744,1,1
0.45773718424218324,-0.3011424787853771,1,1
3.127811931154812,-4.790263911435812,0,2
0.14071703205248087,0.3800005805881089,1,1
-0.021015955532329725,-0.4060851561449658,1,1
0.7857871302098768,-0.7656254348981062,0,1
-0.7857611684748936,0.5497704610426248,0,1
-1.1470781184236865,-0.1763452712076332,0,1
-6.216979122789181,1.5666877269970563,1,2
0.580673498434087,0.1427893700060483,1,1
4.875260695670266,-3.6641455729635677,0,2
-0.6052492172168195,-0.49584329185105613,0,1
-7.237194478103214,-0.17508192404662792,1,2
0.4635749545216833,0.42095916863172517,1,1
5.420773338081521,-4.916115297677062,0,2
-0.3909294228100013,0.31666235065150955,1,1
-6.798866879514064,-0.11012304656459948,1,2
-0.3624168092273636,0.35858827613374067,1,1
0.880296773442008,-0.35772004251719497,0,1
1.0640802839021926,-0.08951025410878655,0,1
0.2721262840505403,-1.0419615870057992,0,1
-0.7653371055091218,-0.6506866990493378,0,1
3.7194099760730377,-3.976417861625361,0,2
-0.060310256807468765,0.5486896904307321,1,1
-0.25754624734159265,0.5582610031177438,1,1
3.8082169086690234,-6.285798769363037,0,2
0.6122262607984368,0.002805330335102177,1,1
-0.44574199531060366,-0.14694550620797014,1,1
0.97824559620848,-0.5034374351534932,1,0
4.251960449954436,-4.711379821244003,0,2
5.6454240340693636,-2.9690197370036957,0,2
-4.260454342046235,-0.5368613244913845,1,2
0.8383136799607536,0.18318058272860113,0,1
-0.2772616211088041,1.0063358255440518,0,1
-5.966555497165444,2.058375559410285,1,2
0.019357001623844117,1.0447179194550968,0,1
0.7473207106505364,0.5355444141116271,0,1
0.38838339447418363,0.15702640810208635,1,1
-5.54817632100966,-0.06639389331958956,1,2
0.3473802573104323,-0.9684300763483759,0,1
-0.30212927211976803,-0.37470605737791235,1,1
-6.370332420971452,0.8648442433736712,1,2
-0.6116586234778285,-0.4304664529592187,1,1
3.339058794004368,-4.625177638927338,0,2
6.695986783059103,-4.330822761063753,0,2
1.0008227911001306,0.332136171662896,0,1
-0.534586832742834,-0.176085552802314,1,1
0.4932993018649222,-0.05308393391255463,1,1
-3.3048007291323604,0.18541676451796452,1,2
-0.9970630280241474,-0.3426337354648595,0,1
-5.816051067203653,2.8961042957389957,1,2
-0.7639085565122824,0.6516426081987728,0,0
-4.789715439943294,0.22602470061527824,1,2
0.48822897412700267,-0.3505903184253213,1,1
0.4926748646910985,0.4050808908950899,1,1
-0.8407932827831119,-0.46824591014066186,0,1
4.5234539671963025,-4.476325683749663,0,2
-6.712127560066838,1.3770116400461214,1,2
4.365259482504673,-4.596170290092007,0,2
-5.088052395142511,-1.2554570446486553,1,2
3.104391658110072,-4.534058662016858,0,2
-0.25893432947764056,-0.9653194583907561,0,1
2.6737150262947504,-4.829150176688485,0,2
1.0362451319755261,-0.1888951428577329,0,1
-0.558300802874209,0.0059525655173580175,1,1
-7.156424976227477,0.7631420017796353,1,2
-0.2031443316371615,0.44442070197267824,1,1
4.912417108216474,-4.448809306249126,0,2
-5.847202499655942,2.3420228424549157,1,2
0.7993524832559825,-0.6063891722914077,0,1
4.647534254509076,-5.276594050265929,0,2
-5.866684034059074,1.6748582802023066,1,2
0.8910742261302614,-0.5956965917595041,0,1
5.859216145956255,-4.085730975552499,0,2
3.9322296278540434,-3.588990589890126,0,2
-0.13037403387827648,0.7624720515194354,0,1
2.67550304420822,-4.914964803445821,0,2
-4.625868714814897,-0.07291990893387768,1,2
1.331537144450348,-0.5356649361253295,1,0
2.0225769504516227,-0.017139596282919722,1,0
-5.975476974356321,1.5540756938104514,1,2
0.7855080636343986,-0.5849875540228784,1,0
0.3046601228122683,-0.48858516975432026,1,1
0.5433720427762426,0.9082787636917677,0,1
0.5160313288995142,-0.1090424720398187,1,1
5.74503577587634,-4.529963601692171,0,2
-0.4560788454960396,-0.1329953450795333,1,1
3.3427677611050184,-4.12292325044054,0,2
-0.10647930163863843,-0.66574131963618,1,1
-0.2999331809350917,0.994025741928176,0,1
-6.515249910126878,1.3498900096169257,1,2
4.5950371498695635,-5.175636241602001,0,2
0.1943737161096054,-0.4035210027110605,1,1
-4.820117023534973,0.634891701849218,1,2
5.4482493355887724,-4.631213413742585,0,2
-0.6739927068935071,-0.9484206821343488,0,1
4.345507526434858,-4.410014475504386,0,2
2.0446079600400573,0.09359202685739701,1,0
-0.6799340449961072,-0.6288816084130671,0,1
-5.171201648006562,-0.7644844230674057,1,2
0.06597048057225312,-0.4736843083890438,1,1
3.9498024707428088,-4.859063510809284,0,2
-0.47392578275742847,0.3152879139772327,1,1
-0.6521634728120111,0.09729074852080172,1,1
4.603032645770982,-2.784757913840861,0,2
0.30146973528764964,-0.2602292321392331,1,1
0.5898358930420684,0.8171754538922017,0,0
3.780092770209787,-2.2904502638232493,0,2
3.923253750911653,-4.436458510245676,0,2
4.82544202536718,-3.907593714688237,0,2
0.6043170886246209,0.8515329891276578,0,1
0.3128874582831876,-0.5291404415159576,1,1
0.9239820733826364,-0.4223946114224271,0,1
-5.137418765835366,0.7563774804727645,1,2
-3.2487288922800643,0.13722297286727791,1,2
-5.595547683899325,2.063457414338089,1,2
-4.736834638827882,2.0243207318800334,1,2
5.517451597551494,-4.1645691287524835,0,2
3.5459674008414495,-2.428833350108966,0,2
-4.366438100305592,1.9423366423137134,1,2
-0.9246358305598961,0.7225914988453125,0,1
-4.661426757167656,1.316090980503437,1,2
-0.16789124540057934,-0.3943902949068152,1,1
0.7748486376438012,0.7186758027121487,0,0
-5.2549874369342655,-0.6225008630614202,1,2
4.2257423680101365,-3.7118167369536055,0,2
-0.8325481347302126,-0.30148548468763814,0,1
3.225041564828474,-3.5266033841239297,0,2
1.2308263585804309,-0.22735139068751858,1,0
0.3342896708948493,0.16346569785314416,1,1
0.2689640841025905,-0.8987901405459978,0,1
0.6277001221240006,0.6033540073077637,0,1
-8.296628384729441,0.4928877557461576,1,2
-6.276542354203476,-0.6374330316738877,1,2
0.11445879782367764,0.3923943422710935,1,1
2.770967801091441,-4.150696795022176,0,2
-6.248690327483448,0.9559115455665348,1,2
-4.135485974700301,2.1586711601152917,1,2
4.1089331965959115,-6.1391890117841985,0,2
-1.0442409397225587,-0.05130092301835884,0,1
-0.40934366652732124,-0.8375217577019973,0,1
0.11157181728542015,0.9830923427895369,0,1
-0.4976199135913816,0.06825555057196775,1,1
-6.064780060832095,-0.1893666826771787,1,2
0.43002477478101475,0.31481928320346186,1,1
-0.7741942557234192,-0.5095565751329594,0,1
0.22601133210105417,0.4102618717849145,1,1
-6.802412303561505,1.5816519869058645,1,2
1.0796516887086045,-0.08758557601800866,0,1
-0.8209051469368387,-0.7271231455410077,0,1
2.7171147490611687,-3.5864360280767684,0,2
-0.9551462739888303,0.15860544034685414,0,1
-0.6412792006250693,-0.2879084238724494,1,1
3.3796856427484476,-4.465117239769184,0,2
5.542765247218256,-3.8962918672201847,0,2
-0.2628575377665251,0.9623249536505223,0,0
-7.388029601627099,1.8679260049644801,1,2
-6.785444038772606,3.4657094455229918,1,2
-4.661768542809366,1.4054032102011305,1,2
0.18942737245558566,0.4981417269349404,1,1
-0.536074462706169,0.274436171824851,1,1
0.13690613692327003,0.38697541765096044,1,1
0.11294627617150185,0.5226363517125124,1,1
-0.9111574942619478,0.17438156278987021,0,1
0.49358929226709825,-0.23788893787345325,1,1
-4.317286715314714,1.35310010133279,1,2
-6.167691351340544,1.8736340397368643,1,2
0.4047432658151252,0.3737495637022415,1,1
5.103983949914573,-3.9763668987858303,0,2
3.9590266370777276,-1.318587855099235,0,2
3.1536136915470103,-3.099156297032451,0,2
-0.31805475065561234,0.9892531833362626,0,1
-0.1701044032369214,1.0026698372768033,0,0
-4.851733102275541,2.3356463556909155,1,2
3.5881219957506465,-4.495159563095353,0,2
0.49550882807339675,-0.3809675392306804,1,1
-6.939370224567697,1.596926601534562,1,2
2.526394624234393,-4.914905439805653,0,2
2.398870814601608,-3.2027481604569035,0,2
-6.954449603626833,1.2129211012184107,1,2
-0.5244717341743007,0.26428080345110305,1,1
0.41829017626109877,0.1807578274543417,1,1
0.4769794869049169,0.2701817889370808,1,1
-5.991371683650371,0.54969382407588,1,2
-0.6162661168267857,-0.2505069460328352,1,1
3.4897115065312394,-3.1889928245430665,0,2
-4.900109747558651,1.8391072521546925,1,2
-0.3813937169945539,-0.3552694316936199,1,1
-0.8356900211001858,-0.4581503486022758,0,1
-0.5848652437964289,-0.2678881993235324,1,1
0.20456406342503636,-0.43239461219860514,1,1
0.557713712041084,0.3637864784648781,1,1
-4.0547938543506525,1.6450121917449485,1,2
-3.630064996421621,0.39657666459893637,1,2
-0.9191355661172907,-0.20368821147724772,0,1
-0.2958387924460042,-0.9858507350002251,0,1
3.881369520206775,-5.3897426112371765,0,2
2.7274470310902585,-4.747998858699752,0,2
0.6601056851034142,-0.6665320773047141,0,1
3.809864931527157,-3.3002917364174285,0,2
0.19240829562809958,-0.4366862033926241,1,1
0.2819065803918743,-0.36617098831046807,1,1
-0.5675430655440121,-0.8079697344889425,0,1
4.053742344576148,-2.7602396227457997,0,2
-0.7515734271437153,-0.6192640975262902,0,1
-6.439321103721531,0.4942987964030321,1,2
-5.9892349439366335,0.5079421763887578,1,2
-0.6034441639628568,-0.4478629914352739,0,1
0.7539025349721465,-0.6228805049770385,0,1
-5.351835729845343,-0.7368621521442731,1,2
0.6035060179027176,-0.31312480330650994,1,0
1.8070848289146406,-5.003327328509757,0,2
-6.407860337668751,-0.5537641803559328,1,2
3.5538255929856595,-4.125605707345268,0,2
4.818376629552088,-3.116144943345928,0,2
3.2987653205266563,-5.671588413705601,0,2
0.6943824719499566,0.7100133238542736,0,0
-5.088296575890972,1.362591726542381,1,2
0.5968010859382312,0.12124466416359375,1,1
2.0873518735521555,-3.1756873148392386,0,2
1.0721902485499002,0.18689929818241496,0,1
-4.721209150801219,0.9221976621412095,1,2
-0.9249136539043908,0.3330614794002408,0,1
-0.15642545052362825,0.5123510425679534,1,1
3.4013431610754012,-4.415896246267256,0,2
0.09781581751774884,0.4090847969459114,1,0
1.3510929304222654,-0.5485101470976198,1,0
1.5062477007701227,-0.4134964346761119,1,0
2.6352983887959835,-5.316001511197364,0,2
-4.467375916716113,1.1842541618167521,1,2
2.4642674899022814,-3.9137677388573824,0,2
-6.427170963428333,-0.29451893251382355,1,2
3.9748737925883293,-4.510305361976824,0,2
-6.028851047943111,1.3694595386812685,1,2
